19.545000000000,92.1720,-0.000,-6806.137,0
19.63717086564383,92.1685969315,-6.806137,-6806.137,0.001
19.72933492515067,92.1583877260,-13.612274,-6806.137,0.002
19.82148537238350,92.1413723835,-20.418411,-6806.137,0.003
19.91361540120533,92.1175509040,-27.224548,-6806.137,0.004
20.00571820547917,92.0869232875,-34.030685,-6806.137,0.005
20.09778697906800,92.0494895340,-40.836822,-6806.137,0.006
20.18981491583483,92.0052496435,-47.642959,-6806.137,0.007
20.28179520964267,91.9542036160,-54.449096,-6806.137,0.008
20.37372105435450,91.8963514515,-61.255233,-6806.137,0.009
20.46558564383333,91.8316931500,-68.061370,-6806.137,0.010
20.55738217194217,91.7602287115,-74.867507,-6806.137,0.011
20.64910383254400,91.6819581360,-81.673644,-6806.137,0.012
20.74074381950183,91.5968814235,-88.479781,-6806.137,0.013
20.83229532667867,91.5049985740,-95.285918,-6806.137,0.014
20.92375154793750,91.4063095875,-102.092055,-6806.137,0.015
21.01510567714133,91.3008144640,-108.898192,-6806.137,0.016
21.10635090815317,91.1885132035,-115.704329,-6806.137,0.017
21.19748043483600,91.0694058060,-122.510466,-6806.137,0.018
21.28848745105283,90.9434922715,-129.316603,-6806.137,0.019
21.37936515066667,90.8107726000,-136.122740,-6806.137,0.020
21.47010672754050,90.6712467915,-142.928877,-6806.137,0.021
21.56070537553733,90.5249148460,-149.735014,-6806.137,0.022
21.65115428852017,90.3717767635,-156.541151,-6806.137,0.023
21.74144666035200,90.2118325440,-163.347288,-6806.137,0.024
21.83157568489583,90.0450821875,-170.153425,-6806.137,0.025
21.92153455601467,89.8715256940,-176.959562,-6806.137,0.026
22.01131646757150,89.6911630635,-183.765699,-6806.137,0.027
22.10091461342933,89.5039942960,-190.571836,-6806.137,0.028
22.19032218745117,89.3100193915,-197.377973,-6806.137,0.029
22.27953238350000,89.1092383500,-204.184110,-6806.137,0.030
22.36853838463387,88.90180408762695,-212.433,0,0.031
22.45733397222150,88.68937108762695,-212.433,0,0.032
22.54591712680912,88.47693808762695,-212.433,0,0.033
22.63428784839675,88.26450508762695,-212.433,0,0.034
22.72244613698438,88.05207208762695,-212.433,0,0.035
22.81039199257200,87.83963908762695,-212.433,0,0.036
22.89812541515963,87.62720608762695,-212.433,0,0.037
22.98564640474726,87.41477308762695,-212.433,0,0.038
23.07295496133488,87.20234008762695,-212.433,0,0.039
23.16005108492251,86.98990708762695,-212.433,0,0.040
23.24693477551014,86.77747408762695,-212.433,0,0.041
23.33360603309777,86.56504108762695,-212.433,0,0.042
23.42006485768539,86.35260808762695,-212.433,0,0.043
23.50631124927302,86.14017508762695,-212.433,0,0.044
23.59234520786065,85.92774208762695,-212.433,0,0.045
23.67816673344827,85.71530908762695,-212.433,0,0.046
23.76377582603590,85.50287608762695,-212.433,0,0.047
23.84917248562353,85.29044308762695,-212.433,0,0.048
23.93435671221115,85.07801008762695,-212.433,0,0.049
24.01932850579878,84.86557708762695,-212.433,0,0.050
24.10408786638641,84.65314408762695,-212.433,0,0.051
24.18863479397404,84.44071108762695,-212.433,0,0.052
24.27296928856166,84.22827808762695,-212.433,0,0.053
24.35709135014929,84.01584508762695,-212.433,0,0.054
24.44100097873692,83.80341208762695,-212.433,0,0.055
24.52469817432454,83.59097908762695,-212.433,0,0.056
24.60818293691217,83.37854608762695,-212.433,0,0.057
24.69145526649980,83.16611308762695,-212.433,0,0.058
24.77451516308742,82.95368008762695,-212.433,0,0.059
24.85736262667505,82.74124708762695,-212.433,0,0.060
24.93999765726268,82.52881408762695,-212.433,0,0.061
25.02242025485030,82.31638108762695,-212.433,0,0.062
25.10463041943793,82.10394808762695,-212.433,0,0.063
25.18662815102556,81.89151508762695,-212.433,0,0.064
25.26841344961319,81.67908208762695,-212.433,0,0.065
25.34998631520081,81.46664908762695,-212.433,0,0.066
25.43134674778844,81.25421608762695,-212.433,0,0.067
25.51249474737607,81.04178308762695,-212.433,0,0.068
25.59343031396369,80.82935008762695,-212.433,0,0.069
25.67415344755132,80.61691708762695,-212.433,0,0.070
25.75466414813895,80.40448408762695,-212.433,0,0.071
25.83496241572657,80.19205108762695,-212.433,0,0.072
25.91504825031420,79.97961808762695,-212.433,0,0.073
25.99492165190183,79.76718508762695,-212.433,0,0.074
26.07458262048945,79.55475208762695,-212.433,0,0.075
26.15403115607708,79.34231908762695,-212.433,0,0.076
26.23326725866471,79.12988608762695,-212.433,0,0.077
26.31229092825234,78.91745308762695,-212.433,0,0.078
26.39110216483996,78.70502008762695,-212.433,0,0.079
26.46970096842759,78.49258708762695,-212.433,0,0.080
26.54808733901522,78.28015408762695,-212.433,0,0.081
26.62626127660284,78.06772108762695,-212.433,0,0.082
26.70422278119047,77.85528808762695,-212.433,0,0.083
26.78197185277810,77.64285508762695,-212.433,0,0.084
26.85950849136572,77.43042208762695,-212.433,0,0.085
26.93683269695335,77.21798908762695,-212.433,0,0.086
27.01394446954098,77.00555608762695,-212.433,0,0.087
27.09084380912861,76.79312308762695,-212.433,0,0.088
27.16753071571623,76.58069008762695,-212.433,0,0.089
27.24400518930386,76.36825708762695,-212.433,0,0.090
27.32026722989149,76.15582408762695,-212.433,0,0.091
27.39631683747911,75.94339108762695,-212.433,0,0.092
27.47215401206674,75.73095808762695,-212.433,0,0.093
27.54777875365437,75.51852508762695,-212.433,0,0.094
27.62319106224199,75.30609208762695,-212.433,0,0.095
27.69839093782962,75.09365908762695,-212.433,0,0.096
27.77337838041725,74.88122608762695,-212.433,0,0.097
27.84815339000487,74.66879308762695,-212.433,0,0.098
27.92271596659250,74.45636008762695,-212.433,0,0.099
27.99706611018013,74.24392708762695,-212.433,0,0.100
28.07120382076776,74.03149408762695,-212.433,0,0.101
28.14512909835538,73.81906108762695,-212.433,0,0.102
28.21884194294301,73.60662808762695,-212.433,0,0.103
28.29234235453064,73.39419508762695,-212.433,0,0.104
28.36563033311826,73.18176208762695,-212.433,0,0.105
28.43870587870589,72.96932908762695,-212.433,0,0.106
28.51156899129352,72.75689608762695,-212.433,0,0.107
28.58421967088114,72.54446308762695,-212.433,0,0.108
28.65665791746877,72.33203008762695,-212.433,0,0.109
28.72888373105640,72.11959708762695,-212.433,0,0.110
28.80089711164402,71.90716408762695,-212.433,0,0.111
28.87269805923165,71.69473108762695,-212.433,0,0.112
28.94428657381928,71.48229808762695,-212.433,0,0.113
29.01566265540691,71.26986508762695,-212.433,0,0.114
29.08682630399453,71.05743208762695,-212.433,0,0.115
29.15777751958216,70.84499908762696,-212.433,0,0.116
29.22851630216979,70.63256608762696,-212.433,0,0.117
29.29904265175741,70.42013308762696,-212.433,0,0.118
29.36935656834504,70.20770008762696,-212.433,0,0.119
29.43945805193267,69.99526708762696,-212.433,0,0.120
29.50934710252029,69.78283408762696,-212.433,0,0.121
29.57902372010792,69.57040108762696,-212.433,0,0.122
29.64848790469555,69.35796808762696,-212.433,0,0.123
29.71773965628318,69.14553508762696,-212.433,0,0.124
29.78677897487080,68.93310208762696,-212.433,0,0.125
29.85560586045843,68.72066908762696,-212.433,0,0.126
29.92422031304606,68.50823608762696,-212.433,0,0.127
29.99262233263368,68.29580308762696,-212.433,0,0.128
30.06081191922131,68.08337008762696,-212.433,0,0.129
30.12878907280894,67.87093708762696,-212.433,0,0.130
30.19655379339656,67.65850408762696,-212.433,0,0.131
30.26410608098419,67.44607108762696,-212.433,0,0.132
30.33144593557182,67.23363808762696,-212.433,0,0.133
30.39857335715944,67.02120508762696,-212.433,0,0.134
30.46548834574707,66.80877208762696,-212.433,0,0.135
30.53219090133470,66.59633908762696,-212.433,0,0.136
30.59868102392233,66.38390608762696,-212.433,0,0.137
30.66495871350995,66.17147308762696,-212.433,0,0.138
30.73102397009758,65.95904008762696,-212.433,0,0.139
30.79687679368521,65.74660708762696,-212.433,0,0.140
30.86251718427283,65.53417408762696,-212.433,0,0.141
30.92794514186046,65.32174108762696,-212.433,0,0.142
30.99316066644809,65.10930808762696,-212.433,0,0.143
31.05816375803571,64.89687508762696,-212.433,0,0.144
31.12295441662334,64.68444208762696,-212.433,0,0.145
31.18753264221097,64.47200908762696,-212.433,0,0.146
31.25189843479860,64.25957608762696,-212.433,0,0.147
31.31605179438622,64.04714308762696,-212.433,0,0.148
31.37999272097385,63.83471008762696,-212.433,0,0.149
31.44372121456148,63.62227708762696,-212.433,0,0.150
31.50723727514910,63.40984408762696,-212.433,0,0.151
31.57054090273673,63.19741108762696,-212.433,0,0.152
31.63363209732436,62.98497808762696,-212.433,0,0.153
31.69651085891198,62.77254508762696,-212.433,0,0.154
31.75917718749961,62.56011208762696,-212.433,0,0.155
31.82163108308724,62.34767908762696,-212.433,0,0.156
31.88387254567486,62.13524608762696,-212.433,0,0.157
31.94590157526249,61.92281308762696,-212.433,0,0.158
32.00771817185012,61.71038008762696,-212.433,0,0.159
32.06932233543774,61.49794708762696,-212.433,0,0.160
32.13071406602537,61.28551408762696,-212.433,0,0.161
32.19189336361300,61.07308108762696,-212.433,0,0.162
32.25286022820063,60.86064808762696,-212.433,0,0.163
32.31361465978825,60.64821508762696,-212.433,0,0.164
32.37415665837588,60.43578208762696,-212.433,0,0.165
32.43448622396351,60.22334908762696,-212.433,0,0.166
32.49460335655113,60.01091608762696,-212.433,0,0.167
32.55450805613876,59.79848308762696,-212.433,0,0.168
32.61420032272639,59.58605008762696,-212.433,0,0.169
32.67368015631402,59.37361708762696,-212.433,0,0.170
32.73294755690164,59.16118408762696,-212.433,0,0.171
32.79200252448927,58.94875108762696,-212.433,0,0.172
32.85084505907690,58.73631808762696,-212.433,0,0.173
32.90947516066452,58.52388508762696,-212.433,0,0.174
32.96789282925215,58.31145208762696,-212.433,0,0.175
33.02609806483978,58.09901908762696,-212.433,0,0.176
33.08409086742740,57.88658608762696,-212.433,0,0.177
33.14187123701503,57.67415308762696,-212.433,0,0.178
33.19943917360266,57.46172008762696,-212.433,0,0.179
33.25679467719028,57.24928708762696,-212.433,0,0.180
33.31393774777791,57.03685408762696,-212.433,0,0.181
33.37086838536554,56.82442108762696,-212.433,0,0.182
33.42758658995316,56.61198808762696,-212.433,0,0.183
33.48409236154079,56.39955508762696,-212.433,0,0.184
33.54038570012842,56.18712208762696,-212.433,0,0.185
33.59646660571605,55.97468908762696,-212.433,0,0.186
33.65233507830367,55.76225608762696,-212.433,0,0.187
33.70799111789130,55.54982308762696,-212.433,0,0.188
33.76343472447893,55.33739008762696,-212.433,0,0.189
33.81866589806655,55.12495708762696,-212.433,0,0.190
33.87368463865418,54.91252408762696,-212.433,0,0.191
33.92849094624181,54.70009108762696,-212.433,0,0.192
33.98308482082944,54.48765808762696,-212.433,0,0.193
34.03746626241706,54.27522508762696,-212.433,0,0.194
34.09163527100469,54.06279208762696,-212.433,0,0.195
34.14559184659232,53.85035908762696,-212.433,0,0.196
34.19933598917994,53.63792608762696,-212.433,0,0.197
34.25286769876757,53.42549308762696,-212.433,0,0.198
34.30618697535520,53.21306008762696,-212.433,0,0.199
34.35929381894282,53.00062708762696,-212.433,0,0.200
34.41218822953045,52.78819408762696,-212.433,0,0.201
34.46487020711808,52.57576108762696,-212.433,0,0.202
34.51733975170570,52.36332808762696,-212.433,0,0.203
34.56959686329333,52.15089508762696,-212.433,0,0.204
34.62164154188096,51.93846208762696,-212.433,0,0.205
34.67347378746859,51.72602908762696,-212.433,0,0.206
34.72509360005621,51.51359608762696,-212.433,0,0.207
34.77650097964384,51.30116308762696,-212.433,0,0.208
34.82769592623146,51.08873008762696,-212.433,0,0.209
34.87867843981909,50.87629708762696,-212.433,0,0.210
34.92944852040672,50.66386408762696,-212.433,0,0.211
34.98000616799434,50.45143108762696,-212.433,0,0.212
35.03035138258197,50.23899808762696,-212.433,0,0.213
35.08048416416960,50.02656508762696,-212.433,0,0.214
35.13040451275723,49.81413208762696,-212.433,0,0.215
35.18011242834485,49.60169908762696,-212.433,0,0.216
35.22960791093248,49.38926608762696,-212.433,0,0.217
35.27889096052011,49.17683308762696,-212.433,0,0.218
35.32796157710774,48.96440008762696,-212.433,0,0.219
35.37681976069536,48.75196708762696,-212.433,0,0.220
35.42546551128299,48.53953408762696,-212.433,0,0.221
35.47389882887062,48.32710108762696,-212.433,0,0.222
35.52211971345824,48.11466808762696,-212.433,0,0.223
35.57012816504587,47.90223508762696,-212.433,0,0.224
35.61792418363349,47.68980208762696,-212.433,0,0.225
35.66550776922112,47.47736908762696,-212.433,0,0.226
35.71287892180875,47.26493608762696,-212.433,0,0.227
35.76003764139638,47.05250308762696,-212.433,0,0.228
35.80698392798400,46.84007008762696,-212.433,0,0.229
35.85371778157163,46.62763708762696,-212.433,0,0.230
35.90023920215926,46.41520408762696,-212.433,0,0.231
35.94654818974688,46.20277108762696,-212.433,0,0.232
35.99264474433451,45.99033808762696,-212.433,0,0.233
36.03852886592214,45.77790508762696,-212.433,0,0.234
36.08420055450977,45.56547208762696,-212.433,0,0.235
36.12965981009739,45.35303908762696,-212.433,0,0.236
36.17490663268502,45.14060608762696,-212.433,0,0.237
36.21994102227265,44.92817308762696,-212.433,0,0.238
36.26476297886027,44.71574008762696,-212.433,0,0.239
36.30937250244790,44.50330708762696,-212.433,0,0.240
36.35376959303553,44.29087408762696,-212.433,0,0.241
36.39795425062315,44.07844108762696,-212.433,0,0.242
36.44192647521078,43.86600808762696,-212.433,0,0.243
36.48568626679841,43.65357508762696,-212.433,0,0.244
36.52923362538604,43.44114208762696,-212.433,0,0.245
36.57256855097366,43.22870908762696,-212.433,0,0.246
36.61569104356129,43.01627608762696,-212.433,0,0.247
36.65860110314892,42.80384308762696,-212.433,0,0.248
36.70129872973654,42.59141008762696,-212.433,0,0.249
36.74378392332417,42.37897708762696,-212.433,0,0.250
36.78605668391180,42.16654408762696,-212.433,0,0.251
36.82811701149942,41.95411108762696,-212.433,0,0.252
36.86996490608705,41.74167808762696,-212.433,0,0.253
36.91160036767468,41.52924508762696,-212.433,0,0.254
36.95302339626230,41.31681208762696,-212.433,0,0.255
36.99423399184993,41.10437908762696,-212.433,0,0.256
37.03523215443756,40.89194608762696,-212.433,0,0.257
37.07601788402518,40.67951308762696,-212.433,0,0.258
37.11659118061281,40.46708008762696,-212.433,0,0.259
37.15695204420044,40.25464708762696,-212.433,0,0.260
37.19710047478807,40.04221408762696,-212.433,0,0.261
37.23703647237569,39.82978108762696,-212.433,0,0.262
37.27676003696332,39.61734808762696,-212.433,0,0.263
37.31627116855095,39.40491508762696,-212.433,0,0.264
37.35556986713858,39.19248208762696,-212.433,0,0.265
37.39465613272620,38.98004908762696,-212.433,0,0.266
37.43352996531383,38.76761608762696,-212.433,0,0.267
37.47219136490146,38.55518308762696,-212.433,0,0.268
37.51064033148908,38.34275008762696,-212.433,0,0.269
37.54887686507671,38.13031708762696,-212.433,0,0.270
37.58690096566434,37.91788408762696,-212.433,0,0.271
37.62471263325196,37.70545108762696,-212.433,0,0.272
37.66231186783959,37.49301808762696,-212.433,0,0.273
37.69969866942722,37.28058508762696,-212.433,0,0.274
37.73687303801484,37.06815208762696,-212.433,0,0.275
37.77383497360247,36.85571908762696,-212.433,0,0.276
37.81058447619010,36.64328608762696,-212.433,0,0.277
37.84712154577772,36.43085308762696,-212.433,0,0.278
37.88344618236535,36.21842008762696,-212.433,0,0.279
37.91955838595298,36.00598708762696,-212.433,0,0.280
37.95545815654061,35.79355408762696,-212.433,0,0.281
37.99114549412823,35.58112108762696,-212.433,0,0.282
38.02662039871586,35.36868808762696,-212.433,0,0.283
38.06188287030349,35.15625508762696,-212.433,0,0.284
38.09693290889111,34.94382208762696,-212.433,0,0.285
38.13177051447874,34.73138908762696,-212.433,0,0.286
38.16639568706637,34.51895608762696,-212.433,0,0.287
38.20080842665399,34.30652308762696,-212.433,0,0.288
38.23500873324162,34.09409008762696,-212.433,0,0.289
38.26899660682925,33.88165708762696,-212.433,0,0.290
38.30277204741687,33.66922408762696,-212.433,0,0.291
38.33633505500450,33.45679108762696,-212.433,0,0.292
38.36968562959213,33.24435808762696,-212.433,0,0.293
38.40282377117976,33.03192508762696,-212.433,0,0.294
38.43574947976738,32.81949208762696,-212.433,0,0.295
38.46846275535501,32.60705908762696,-212.433,0,0.296
38.50096359794264,32.39462608762696,-212.433,0,0.297
38.53325200753026,32.18219308762696,-212.433,0,0.298
38.56532798411789,31.96976008762696,-212.433,0,0.299
38.59719152770552,31.75732708762696,-212.433,0,0.300
38.62884263829314,31.54489408762696,-212.433,0,0.301
38.66028131588077,31.33246108762696,-212.433,0,0.302
38.69150756046840,31.12002808762696,-212.433,0,0.303
38.72252137205602,30.90759508762696,-212.433,0,0.304
38.75332275064365,30.69516208762696,-212.433,0,0.305
38.78391169623128,30.48272908762696,-212.433,0,0.306
38.81428820881890,30.27029608762696,-212.433,0,0.307
38.84445228840653,30.05786308762696,-212.433,0,0.308
38.87440393499416,29.84543008762696,-212.433,0,0.309
38.90414314858179,29.63299708762696,-212.433,0,0.310
38.93366992916942,29.42056408762696,-212.433,0,0.311
38.96298427675704,29.20813108762696,-212.433,0,0.312
38.99208619134467,28.99569808762696,-212.433,0,0.313
39.02097567293230,28.78326508762696,-212.433,0,0.314
39.04965272151992,28.57083208762696,-212.433,0,0.315
39.07811733710755,28.35839908762696,-212.433,0,0.316
39.10636951969517,28.14596608762696,-212.433,0,0.317
39.13440926928280,27.93353308762696,-212.433,0,0.318
39.16223658587043,27.72110008762696,-212.433,0,0.319
39.18985146945806,27.50866708762696,-212.433,0,0.320
39.21725392004568,27.29623408762696,-212.433,0,0.321
39.24444393763331,27.08380108762696,-212.433,0,0.322
39.27142152222094,26.87136808762696,-212.433,0,0.323
39.29818667380856,26.65893508762696,-212.433,0,0.324
39.32473939239619,26.44650208762696,-212.433,0,0.325
39.35107967798382,26.23406908762696,-212.433,0,0.326
39.37720753057145,26.02163608762696,-212.433,0,0.327
39.40312295015907,25.80920308762696,-212.433,0,0.328
39.42882593674670,25.59677008762696,-212.433,0,0.329
39.45431649033433,25.38433708762696,-212.433,0,0.330
39.47959461092195,25.17190408762696,-212.433,0,0.331
39.50466029850958,24.95947108762696,-212.433,0,0.332
39.52951355309720,24.74703808762696,-212.433,0,0.333
39.55415437468483,24.53460508762696,-212.433,0,0.334
39.57858276327246,24.32217208762696,-212.433,0,0.335
39.60279871886009,24.10973908762696,-212.433,0,0.336
39.62680224144771,23.89730608762696,-212.433,0,0.337
39.65059333103534,23.68487308762696,-212.433,0,0.338
39.67417198762297,23.47244008762696,-212.433,0,0.339
39.69753821121060,23.26000708762696,-212.433,0,0.340
39.72069200179822,23.04757408762696,-212.433,0,0.341
39.74363335938585,22.83514108762696,-212.433,0,0.342
39.76636228397348,22.62270808762696,-212.433,0,0.343
39.78887877556110,22.41027508762696,-212.433,0,0.344
39.81118283414873,22.19784208762696,-212.433,0,0.345
39.83327445973636,21.98540908762696,-212.433,0,0.346
39.85515365232398,21.77297608762696,-212.433,0,0.347
39.87682041191161,21.56054308762696,-212.433,0,0.348
39.89827473849924,21.34811008762696,-212.433,0,0.349
39.91951663208686,21.13567708762696,-212.433,0,0.350
39.94054609267449,20.92324408762696,-212.433,0,0.351
39.96136312026212,20.71081108762696,-212.433,0,0.352
39.98196771484975,20.49837808762696,-212.433,0,0.353
40.00235987643737,20.28594508762696,-212.433,0,0.354
40.02253960502500,20.07351208762696,-212.433,0,0.355
40.04250690061263,19.86107908762696,-212.433,0,0.356
40.06226176320025,19.64864608762696,-212.433,0,0.357
40.08180419278788,19.43621308762696,-212.433,0,0.358
40.10113418937551,19.22378008762696,-212.433,0,0.359
40.12025175296313,19.01134708762696,-212.433,0,0.360
40.13915688355076,18.79891408762696,-212.433,0,0.361
40.15784958113839,18.58648108762696,-212.433,0,0.362
40.17632984572601,18.37404808762696,-212.433,0,0.363
40.19459767731364,18.16161508762696,-212.433,0,0.364
40.21265307590127,17.94918208762696,-212.433,0,0.365
40.23049604148889,17.73674908762696,-212.433,0,0.366
40.24812657407652,17.52431608762696,-212.433,0,0.367
40.26554467366415,17.31188308762696,-212.433,0,0.368
40.28275034025178,17.09945008762696,-212.433,0,0.369
40.29974357383940,16.88701708762696,-212.433,0,0.370
40.31652437442703,16.67458408762696,-212.433,0,0.371
40.33309274201466,16.46215108762696,-212.433,0,0.372
40.34944867660229,16.24971808762696,-212.433,0,0.373
40.36559217818991,16.03728508762696,-212.433,0,0.374
40.38152324677754,15.82485208762696,-212.433,0,0.375
40.39724188236516,15.61241908762696,-212.433,0,0.376
40.41274808495279,15.39998608762696,-212.433,0,0.377
40.42804185454042,15.18755308762696,-212.433,0,0.378
40.44312319112804,14.97512008762696,-212.433,0,0.379
40.45799209471567,14.76268708762696,-212.433,0,0.380
40.47264856530330,14.55025408762696,-212.433,0,0.381
40.48709260289093,14.33782108762696,-212.433,0,0.382
40.50132420747855,14.12538808762696,-212.433,0,0.383
40.51534337906618,13.91295508762696,-212.433,0,0.384
40.52915011765381,13.70052208762696,-212.433,0,0.385
40.54274442324144,13.48808908762696,-212.433,0,0.386
40.55612629582906,13.27565608762696,-212.433,0,0.387
40.56929573541669,13.06322308762696,-212.433,0,0.388
40.58225274200432,12.85079008762696,-212.433,0,0.389
40.59499731559194,12.63835708762696,-212.433,0,0.390
40.60752945617957,12.42592408762696,-212.433,0,0.391
40.61984916376720,12.21349108762696,-212.433,0,0.392
40.63195643835482,12.00105808762696,-212.433,0,0.393
40.64385127994245,11.78862508762696,-212.433,0,0.394
40.65553368853008,11.57619208762696,-212.433,0,0.395
40.66700366411770,11.36375908762696,-212.433,0,0.396
40.67826120670533,11.15132608762696,-212.433,0,0.397
40.68930631629296,10.93889308762696,-212.433,0,0.398
40.70013899288058,10.72646008762696,-212.433,0,0.399
40.71075923646821,10.51402708762696,-212.433,0,0.400
40.72116704705584,10.30159408762696,-212.433,0,0.401
40.73136242464347,10.08916108762696,-212.433,0,0.402
40.74134536923109,9.87672808762696,-212.433,0,0.403
40.75111588081872,9.66429508762696,-212.433,0,0.404
40.76067395940635,9.45186208762696,-212.433,0,0.405
40.77001960499397,9.23942908762696,-212.433,0,0.406
40.77915281758160,9.02699608762696,-212.433,0,0.407
40.78807359716923,8.81456308762696,-212.433,0,0.408
40.79678194375685,8.60213008762696,-212.433,0,0.409
40.80527785734448,8.38969708762696,-212.433,0,0.410
40.81356133793211,8.17726408762696,-212.433,0,0.411
40.82163238551973,7.96483108762696,-212.433,0,0.412
40.82949100010736,7.75239808762696,-212.433,0,0.413
40.83713718169499,7.53996508762696,-212.433,0,0.414
40.84457093028262,7.32753208762696,-212.433,0,0.415
40.85179224587024,7.11509908762696,-212.433,0,0.416
40.85880112845787,6.90266608762696,-212.433,0,0.417
40.86559757804550,6.69023308762696,-212.433,0,0.418
40.87218159463313,6.47780008762696,-212.433,0,0.419
40.87855317822075,6.26536708762696,-212.433,0,0.420
40.88471232880838,6.05293408762696,-212.433,0,0.421
40.89065904639600,5.84050108762696,-212.433,0,0.422
40.89639333098363,5.62806808762696,-212.433,0,0.423
40.90191518257126,5.41563508762696,-212.433,0,0.424
40.90722460115888,5.20320208762696,-212.433,0,0.425
40.91232158674651,4.99076908762696,-212.433,0,0.426
40.91720613933414,4.77833608762696,-212.433,0,0.427
40.92187825892177,4.56590308762696,-212.433,0,0.428
40.92633794550939,4.35347008762696,-212.433,0,0.429
40.93058519909702,4.14103708762696,-212.433,0,0.430
40.93462001968465,3.92860408762696,-212.433,0,0.431
40.93844240727227,3.71617108762696,-212.433,0,0.432
40.94205236185990,3.50373808762696,-212.433,0,0.433
40.94544988344753,3.29130508762696,-212.433,0,0.434
40.94863497203516,3.07887208762696,-212.433,0,0.435
40.95160762762278,2.86643908762696,-212.433,0,0.436
40.95436785021041,2.65400608762696,-212.433,0,0.437
40.95691563979804,2.44157308762696,-212.433,0,0.438
40.95925099638566,2.22914008762696,-212.433,0,0.439
40.96137391997329,2.01670708762696,-212.433,0,0.440
40.96328441056092,1.80427408762696,-212.433,0,0.441
40.96498246814854,1.59184108762696,-212.433,0,0.442
40.96646809273617,1.37940808762696,-212.433,0,0.443
40.96774128432380,1.16697508762696,-212.433,0,0.444
40.96880204291142,0.95454208762696,-212.433,0,0.445
40.96965036849905,0.74210908762696,-212.433,0,0.446
40.97028626108668,0.52967608762696,-212.433,0,0.447
40.97070972067431,0.31724308762696,-212.433,0,0.448
40.97092074726193,0.10481008762696,-212.433,0,0.449
40.97091934084956,-0.10762291237304,-212.433,0,0.450
40.97070550143719,-0.32005591237304,-212.433,0,0.451
40.97027922902481,-0.53248891237304,-212.433,0,0.452
40.96964052361244,-0.74492191237304,-212.433,0,0.453
40.96878938520007,-0.95735491237304,-212.433,0,0.454
40.96772581378769,-1.16978791237304,-212.433,0,0.455
40.96644980937532,-1.38222091237304,-212.433,0,0.456
40.96496137196295,-1.59465391237304,-212.433,0,0.457
40.96326050155057,-1.80708691237304,-212.433,0,0.458
40.96134719813820,-2.01951991237304,-212.433,0,0.459
40.95922146172583,-2.23195291237304,-212.433,0,0.460
40.95688329231346,-2.44438591237304,-212.433,0,0.461
40.95433268990108,-2.65681891237304,-212.433,0,0.462
40.95156965448871,-2.86925191237304,-212.433,0,0.463
40.94859418607634,-3.08168491237304,-212.433,0,0.464
40.94540628466396,-3.29411791237304,-212.433,0,0.465
40.94200595025159,-3.50655091237304,-212.433,0,0.466
40.93839318283922,-3.71898391237304,-212.433,0,0.467
40.93456798242684,-3.93141691237304,-212.433,0,0.468
40.93053034901447,-4.14384991237304,-212.433,0,0.469
40.92628028260210,-4.35628291237304,-212.433,0,0.470
40.92181778318972,-4.56871591237304,-212.433,0,0.471
40.91714285077735,-4.78114891237304,-212.433,0,0.472
40.91225548536498,-4.99358191237304,-212.433,0,0.473
40.90715568695261,-5.20601491237304,-212.433,0,0.474
40.90184345554023,-5.41844791237304,-212.433,0,0.475
40.89631879112786,-5.63088091237304,-212.433,0,0.476
40.89058169371549,-5.84331391237304,-212.433,0,0.477
40.88463216330311,-6.05574691237304,-212.433,0,0.478
40.87847019989074,-6.26817991237304,-212.433,0,0.479
40.87209580347837,-6.48061291237304,-212.433,0,0.480
40.86550897406600,-6.69304591237304,-212.433,0,0.481
40.85870971165362,-6.90547891237304,-212.433,0,0.482
40.85169801624125,-7.11791191237304,-212.433,0,0.483
40.84447388782887,-7.33034491237304,-212.433,0,0.484
40.83703732641650,-7.54277791237304,-212.433,0,0.485
40.82938833200413,-7.75521091237304,-212.433,0,0.486
40.82152690459175,-7.9676439123730,-212.433,0,0.487
40.81345304417938,-8.1800769123730,-212.433,0,0.488
40.80516675076701,-8.3925099123730,-212.433,0,0.489
40.79666802435464,-8.6049429123730,-212.433,0,0.490
40.78795686494226,-8.8173759123730,-212.433,0,0.491
40.77903327252989,-9.0298089123730,-212.433,0,0.492
40.76989724711752,-9.2422419123730,-212.433,0,0.493
40.76054878870515,-9.4546749123730,-212.433,0,0.494
40.75098789729277,-9.6671079123730,-212.433,0,0.495
40.74121457288040,-9.8795409123730,-212.433,0,0.496
40.73122881546803,-10.0919739123730,-212.433,0,0.497
40.72103062505565,-10.3044069123730,-212.433,0,0.498
40.71062000164328,-10.5168399123730,-212.433,0,0.499
40.69999694523090,-10.7292729123730,-212.433,0,0.500
40.68916145581853,-10.9417059123730,-212.433,0,0.501
40.67811353340616,-11.1541389123730,-212.433,0,0.502
40.66685317799379,-11.3665719123730,-212.433,0,0.503
40.65538038958141,-11.5790049123730,-212.433,0,0.504
40.64369516816904,-11.7914379123730,-212.433,0,0.505
40.63179751375667,-12.0038709123730,-212.433,0,0.506
40.61968742634430,-12.2163039123730,-212.433,0,0.507
40.60736490593192,-12.4287369123730,-212.433,0,0.508
40.59482995251955,-12.6411699123730,-212.433,0,0.509
40.58208256610718,-12.8536029123730,-212.433,0,0.510
40.56912274669480,-13.0660359123730,-212.433,0,0.511
40.55595049428243,-13.2784689123730,-212.433,0,0.512
40.54256580887006,-13.4909019123730,-212.433,0,0.513
40.52896869045768,-13.7033349123730,-212.433,0,0.514
40.51515913904531,-13.9157679123730,-212.433,0,0.515
40.50113715463294,-14.1282009123730,-212.433,0,0.516
40.48690273722056,-14.3406339123730,-212.433,0,0.517
40.47245588680819,-14.5530669123730,-212.433,0,0.518
40.45779660339582,-14.7654999123730,-212.433,0,0.519
40.44292488698344,-14.9779329123730,-212.433,0,0.520
40.42784073757107,-15.1903659123730,-212.433,0,0.521
40.41254415515870,-15.4027989123730,-212.433,0,0.522
40.39703513974633,-15.6152319123730,-212.433,0,0.523
40.38131369133395,-15.8276649123730,-212.433,0,0.524
40.36537980992158,-16.0400979123730,-212.433,0,0.525
40.34923349550921,-16.2525309123730,-212.433,0,0.526
40.33287474809683,-16.4649639123730,-212.433,0,0.527
40.31630356768446,-16.6773969123730,-212.433,0,0.528
40.29951995427209,-16.8898299123730,-212.433,0,0.529
40.28252390785971,-17.1022629123730,-212.433,0,0.530
40.26531542844734,-17.3146959123730,-212.433,0,0.531
40.24789451603497,-17.5271289123730,-212.433,0,0.532
40.23026117062259,-17.7395619123730,-212.433,0,0.533
40.21241539221022,-17.9519949123730,-212.433,0,0.534
40.19435718079785,-18.1644279123730,-212.433,0,0.535
40.17608653638548,-18.3768609123730,-212.433,0,0.536
40.15760345897310,-18.5892939123730,-212.433,0,0.537
40.13890794856073,-18.8017269123730,-212.433,0,0.538
40.12000000514836,-19.0141599123730,-212.433,0,0.539
40.10087962873599,-19.2265929123730,-212.433,0,0.540
40.08154681932361,-19.4390259123730,-212.433,0,0.541
40.06200157691124,-19.6514589123730,-212.433,0,0.542
40.04224390149886,-19.8638919123730,-212.433,0,0.543
40.02227379308649,-20.0763249123730,-212.433,0,0.544
40.00209125167412,-20.2887579123730,-212.433,0,0.545
39.98169627726174,-20.5011909123730,-212.433,0,0.546
39.96108886984937,-20.7136239123730,-212.433,0,0.547
39.94026902943700,-20.9260569123730,-212.433,0,0.548
39.91923675602463,-21.1384899123730,-212.433,0,0.549
39.89799204961225,-21.3509229123730,-212.433,0,0.550
39.87653491019988,-21.5633559123730,-212.433,0,0.551
39.85486533778751,-21.7757889123730,-212.433,0,0.552
39.83298333237514,-21.9882219123730,-212.433,0,0.553
39.81088889396276,-22.2006549123730,-212.433,0,0.554
39.78858202255039,-22.4130879123730,-212.433,0,0.555
39.76606271813802,-22.6255209123730,-212.433,0,0.556
39.74333098072564,-22.8379539123730,-212.433,0,0.557
39.72038681031327,-23.0503869123730,-212.433,0,0.558
39.69723020690090,-23.2628199123730,-212.433,0,0.559
39.67386117048852,-23.4752529123730,-212.433,0,0.560
39.65027970107615,-23.6876859123730,-212.433,0,0.561
39.62648579866378,-23.9001189123730,-212.433,0,0.562
39.60247946325140,-24.1125519123730,-212.433,0,0.563
39.57826069483903,-24.3249849123730,-212.433,0,0.564
39.55382949342666,-24.5374179123730,-212.433,0,0.565
39.52918585901428,-24.7498509123730,-212.433,0,0.566
39.50432979160191,-24.9622839123730,-212.433,0,0.567
39.47926129118954,-25.1747169123730,-212.433,0,0.568
39.45398035777717,-25.3871499123730,-212.433,0,0.569
39.42848699136479,-25.5995829123730,-212.433,0,0.570
39.40278119195242,-25.8120159123730,-212.433,0,0.571
39.37686295954005,-26.0244489123730,-212.433,0,0.572
39.35073229412767,-26.2368819123730,-212.433,0,0.573
39.32438919571530,-26.4493149123730,-212.433,0,0.574
39.29783366430293,-26.6617479123730,-212.433,0,0.575
39.27106569989055,-26.8741809123730,-212.433,0,0.576
39.24408530247818,-27.0866139123730,-212.433,0,0.577
39.21689247206581,-27.2990469123730,-212.433,0,0.578
39.18948720865343,-27.5114799123730,-212.433,0,0.579
39.16186951224106,-27.7239129123730,-212.433,0,0.580
39.13403938282869,-27.9363459123730,-212.433,0,0.581
39.10599682041632,-28.1487789123730,-212.433,0,0.582
39.07774182500394,-28.3612119123730,-212.433,0,0.583
39.04927439659157,-28.5736449123730,-212.433,0,0.584
39.02059453517920,-28.7860779123730,-212.433,0,0.585
38.99170224076683,-28.9985109123730,-212.433,0,0.586
38.96259751335445,-29.2109439123730,-212.433,0,0.587
38.93328035294208,-29.4233769123730,-212.433,0,0.588
38.90375075952971,-29.6358099123730,-212.433,0,0.589
38.87400873311733,-29.8482429123730,-212.433,0,0.590
38.84405427370496,-30.0606759123730,-212.433,0,0.591
38.81388738129258,-30.2731089123730,-212.433,0,0.592
38.78350805588021,-30.4855419123730,-212.433,0,0.593
38.75291629746785,-30.6979749123730,-212.433,0,0.594
38.72211210605547,-30.9104079123730,-212.433,0,0.595
38.69109548164308,-31.1228409123730,-212.433,0,0.596
38.65986642423073,-31.3352739123730,-212.433,0,0.597
38.62842493381835,-31.5477069123730,-212.433,0,0.598
38.59677101040596,-31.7601399123730,-212.433,0,0.599
38.56490465399361,-31.9725729123730,-212.433,0,0.600
38.53282586458122,-32.1850059123730,-212.433,0,0.601
38.50053464216884,-32.3974389123730,-212.433,0,0.602
38.46803098675649,-32.6098719123730,-212.433,0,0.603
38.43531489834410,-32.8223049123730,-212.433,0,0.604
38.40238637693175,-33.0347379123730,-212.433,0,0.605
38.36924542251937,-33.2471709123730,-212.433,0,0.606
38.33589203510698,-33.4596039123730,-212.433,0,0.607
38.30232621469463,-33.6720369123730,-212.433,0,0.608
38.26854796128224,-33.8844699123730,-212.433,0,0.609
38.23455727486986,-34.0969029123730,-212.433,0,0.610
38.20035415545751,-34.3093359123730,-212.433,0,0.611
38.16593860304512,-34.5217689123730,-212.433,0,0.612
38.13131061763273,-34.7342019123730,-212.433,0,0.613
38.09647019922038,-34.9466349123730,-212.433,0,0.614
38.06141734780800,-35.1590679123730,-212.433,0,0.615
38.02615206339565,-35.3715009123730,-212.433,0,0.616
37.99067434598326,-35.5839339123730,-212.433,0,0.617
37.95498419557088,-35.7963669123730,-212.433,0,0.618
37.91908161215853,-36.0087999123730,-212.433,0,0.619
37.88296659574614,-36.2212329123730,-212.433,0,0.620
37.84663914633375,-36.4336659123730,-212.433,0,0.621
37.81009926392140,-36.6460989123730,-212.433,0,0.622
37.77334694850902,-36.8585319123730,-212.433,0,0.623
37.73638220009663,-37.0709649123730,-212.433,0,0.624
37.69920501868428,-37.2833979123730,-212.433,0,0.625
37.66181540427190,-37.4958309123730,-212.433,0,0.626
37.62421335685954,-37.7082639123730,-212.433,0,0.627
37.58639887644716,-37.9206969123730,-212.433,0,0.628
37.54837196303477,-38.1331299123730,-212.433,0,0.629
37.51013261662242,-38.3455629123730,-212.433,0,0.630
37.47168083721004,-38.5579959123730,-212.433,0,0.631
37.43301662479765,-38.7704289123730,-212.433,0,0.632
37.39413997938530,-38.9828619123730,-212.433,0,0.633
37.35505090097291,-39.1952949123730,-212.433,0,0.634
37.31574938956053,-39.4077279123730,-212.433,0,0.635
37.27623544514818,-39.6201609123730,-212.433,0,0.636
37.23650906773579,-39.8325939123730,-212.433,0,0.637
37.19657025732344,-40.0450269123730,-212.433,0,0.638
37.15641901391106,-40.2574599123730,-212.433,0,0.639
37.11605533749867,-40.4698929123730,-212.433,0,0.640
37.07547922808632,-40.6823259123730,-212.433,0,0.641
37.03469068567393,-40.8947589123730,-212.433,0,0.642
36.99368971026155,-41.1071919123730,-212.433,0,0.643
36.95247630184920,-41.3196249123730,-212.433,0,0.644
36.91105046043681,-41.5320579123730,-212.433,0,0.645
36.86941218602443,-41.7444909123730,-212.433,0,0.646
36.82756147861207,-41.9569239123730,-212.433,0,0.647
36.78549833819969,-42.1693569123730,-212.433,0,0.648
36.74322276478734,-42.3817899123730,-212.433,0,0.649
36.70073475837495,-42.5942229123730,-212.433,0,0.650
36.65803431896257,-42.8066559123730,-212.433,0,0.651
36.61512144655022,-43.0190889123730,-212.433,0,0.652
36.57199614113783,-43.2315219123730,-212.433,0,0.653
36.52865840272544,-43.4439549123730,-212.433,0,0.654
36.48510823131309,-43.6563879123730,-212.433,0,0.655
36.44134562690071,-43.8688209123730,-212.433,0,0.656
36.39737058948832,-44.0812539123730,-212.433,0,0.657
36.35318311907597,-44.2936869123730,-212.433,0,0.658
36.30878321566359,-44.5061199123730,-212.433,0,0.659
36.26417087925123,-44.7185529123730,-212.433,0,0.660
36.21934610983885,-44.9309859123730,-212.433,0,0.661
36.17430890742646,-45.1434189123730,-212.433,0,0.662
36.12905927201411,-45.3558519123730,-212.433,0,0.663
36.08359720360173,-45.5682849123730,-212.433,0,0.664
36.03792270218934,-45.7807179123730,-212.433,0,0.665
35.99203576777699,-45.9931509123730,-212.433,0,0.666
35.94593640036460,-46.2055839123730,-212.433,0,0.667
35.89962459995222,-46.4180169123730,-212.433,0,0.668
35.85310036653987,-46.6304499123730,-212.433,0,0.669
35.80636370012748,-46.8428829123730,-212.433,0,0.670
35.75941460071513,-47.0553159123730,-212.433,0,0.671
35.71225306830275,-47.2677489123730,-212.433,0,0.672
35.66487910289036,-47.4801819123730,-212.433,0,0.673
35.61729270447801,-47.6926149123730,-212.433,0,0.674
35.56949387306562,-47.9050479123730,-212.433,0,0.675
35.52148260865324,-48.1174809123730,-212.433,0,0.676
35.47325891124089,-48.3299139123730,-212.433,0,0.677
35.42482278082850,-48.5423469123730,-212.433,0,0.678
35.37617421741612,-48.7547799123730,-212.433,0,0.679
35.32731322100376,-48.9672129123730,-212.433,0,0.680
35.27823979159138,-49.1796459123730,-212.433,0,0.681
35.22895392917903,-49.3920789123730,-212.433,0,0.682
35.17945563376664,-49.6045119123730,-212.433,0,0.683
35.12974490535426,-49.8169449123730,-212.433,0,0.684
35.07982174394191,-50.0293779123730,-212.433,0,0.685
35.02968614952952,-50.2418109123730,-212.433,0,0.686
34.97933812211713,-50.4542439123730,-212.433,0,0.687
34.92877766170478,-50.6666769123730,-212.433,0,0.688
34.87800476829240,-50.8791099123730,-212.433,0,0.689
34.82701944188001,-51.0915429123730,-212.433,0,0.690
34.77582168246766,-51.3039759123730,-212.433,0,0.691
34.72441149005528,-51.5164089123730,-212.433,0,0.692
34.67278886464289,-51.7288419123730,-212.433,0,0.693
34.62095380623054,-51.9412749123730,-212.433,0,0.694
34.56890631481815,-52.1537079123730,-212.433,0,0.695
34.51664639040580,-52.3661409123730,-212.433,0,0.696
34.46417403299342,-52.5785739123730,-212.433,0,0.697
34.41148924258103,-52.7910069123730,-212.433,0,0.698
34.35859201916868,-53.0034399123730,-212.433,0,0.699
34.30548236275629,-53.2158729123730,-212.433,0,0.700
34.25216027334391,-53.4283059123730,-212.433,0,0.701
34.19862575093156,-53.6407389123730,-212.433,0,0.702
34.14487879551917,-53.8531719123730,-212.433,0,0.703
34.09091940710679,-54.0656049123730,-212.433,0,0.704
34.03674758569444,-54.2780379123730,-212.433,0,0.705
33.98236333128205,-54.4904709123730,-212.433,0,0.706
33.92776664386970,-54.7029039123730,-212.433,0,0.707
33.87295752345731,-54.9153369123730,-212.433,0,0.708
33.81793597004493,-55.1277699123730,-212.433,0,0.709
33.76270198363258,-55.3402029123730,-212.433,0,0.710
33.70725556422019,-55.5526359123730,-212.433,0,0.711
33.65159671180781,-55.7650689123730,-212.433,0,0.712
33.59572542639545,-55.9775019123730,-212.433,0,0.713
33.53964170798307,-56.1899349123730,-212.433,0,0.714
33.48334555657068,-56.4023679123730,-212.433,0,0.715
33.42683697215833,-56.6148009123730,-212.433,0,0.716
33.37011595474595,-56.8272339123730,-212.433,0,0.717
33.31318250433360,-57.0396669123730,-212.433,0,0.718
33.25603662092121,-57.2520999123730,-212.433,0,0.719
33.19867830450882,-57.4645329123730,-212.433,0,0.720
33.14110755509647,-57.6769659123730,-212.433,0,0.721
33.08332437268409,-57.8893989123730,-212.433,0,0.722
33.02532875727170,-58.1018319123730,-212.433,0,0.723
32.96712070885935,-58.3142649123730,-212.433,0,0.724
32.90870022744697,-58.5266979123730,-212.433,0,0.725
32.85006731303458,-58.7391309123730,-212.433,0,0.726
32.79122196562223,-58.9515639123730,-212.433,0,0.727
32.73216418520984,-59.1639969123730,-212.433,0,0.728
32.67289397179749,-59.3764299123730,-212.433,0,0.729
32.61341132538511,-59.5888629123730,-212.433,0,0.730
32.55371624597272,-59.8012959123730,-212.433,0,0.731
32.49380873356037,-60.0137289123730,-212.433,0,0.732
32.43368878814798,-60.2261619123730,-212.433,0,0.733
32.37335640973560,-60.4385949123730,-212.433,0,0.734
32.31281159832325,-60.6510279123730,-212.433,0,0.735
32.25205435391086,-60.8634609123730,-212.433,0,0.736
32.19108467649848,-61.0758939123730,-212.433,0,0.737
32.12990256608613,-61.2883269123730,-212.433,0,0.738
32.06850802267374,-61.5007599123730,-212.433,0,0.739
32.00690104626139,-61.7131929123730,-212.433,0,0.740
31.94508163684900,-61.9256259123730,-212.433,0,0.741
31.88304979443662,-62.1380589123730,-212.433,0,0.742
31.82080551902427,-62.3504919123730,-212.433,0,0.743
31.75834881061188,-62.5629249123730,-212.433,0,0.744
31.69567966919950,-62.7753579123730,-212.433,0,0.745
31.63279809478714,-62.9877909123730,-212.433,0,0.746
31.56970408737476,-63.2002239123730,-212.433,0,0.747
31.50639764696237,-63.4126569123730,-212.433,0,0.748
31.44287877355002,-63.6250899123730,-212.433,0,0.749
31.37914746713764,-63.8375229123730,-212.433,0,0.750
31.31520372772529,-64.0499559123730,-212.433,0,0.751
31.25104755531290,-64.2623889123730,-212.433,0,0.752
31.18667894990051,-64.4748219123730,-212.433,0,0.753
31.12209791148816,-64.6872549123730,-212.433,0,0.754
31.05730444007578,-64.8996879123730,-212.433,0,0.755
30.99229853566339,-65.1121209123730,-212.433,0,0.756
30.92708019825104,-65.3245539123730,-212.433,0,0.757
30.86164942783866,-65.5369869123730,-212.433,0,0.758
30.79600622442627,-65.7494199123730,-212.433,0,0.759
30.73015058801392,-65.9618529123730,-212.433,0,0.760
30.66408251860153,-66.1742859123730,-212.433,0,0.761
30.59780201618918,-66.3867189123730,-212.433,0,0.762
30.53130908077680,-66.5991519123730,-212.433,0,0.763
30.46460371236441,-66.8115849123730,-212.433,0,0.764
30.39768591095206,-67.0240179123730,-212.433,0,0.765
30.33055567653967,-67.2364509123730,-212.433,0,0.766
30.26321300912729,-67.4488839123730,-212.433,0,0.767
30.19565790871494,-67.6613169123730,-212.433,0,0.768
30.12789037530255,-67.8737499123730,-212.433,0,0.769
30.05991040889017,-68.0861829123730,-212.433,0,0.770
29.99171800947782,-68.2986159123730,-212.433,0,0.771
29.92331317706543,-68.5110489123730,-212.433,0,0.772
29.85469591165308,-68.7234819123730,-212.433,0,0.773
29.78586621324069,-68.9359149123730,-212.433,0,0.774
29.71682408182831,-69.1483479123730,-212.433,0,0.775
29.64756951741596,-69.3607809123730,-212.433,0,0.776
29.57810252000357,-69.5732139123730,-212.433,0,0.777
29.50842308959119,-69.7856469123730,-212.433,0,0.778
29.43853122617883,-69.9980799123730,-212.433,0,0.779
29.36842692976645,-70.2105129123730,-212.433,0,0.780
29.29811020035406,-70.4229459123730,-212.433,0,0.781
29.22758103794171,-70.6353789123730,-212.433,0,0.782
29.15683944252933,-70.8478119123730,-212.433,0,0.783
29.08588541411698,-71.0602449123730,-212.433,0,0.784
29.01471895270459,-71.2726779123730,-212.433,0,0.785
28.94334005829220,-71.4851109123730,-212.433,0,0.786
28.87174873087985,-71.6975439123730,-212.433,0,0.787
28.79994497046747,-71.9099769123730,-212.433,0,0.788
28.72792877705508,-72.1224099123730,-212.433,0,0.789
28.65570015064273,-72.3348429123730,-212.433,0,0.790
28.58325909123035,-72.5472759123730,-212.433,0,0.791
28.51060559881796,-72.7597089123730,-212.433,0,0.792
28.43773967340561,-72.9721419123730,-212.433,0,0.793
28.36466131499322,-73.1845749123730,-212.433,0,0.794
28.29137052358087,-73.3970079123730,-212.433,0,0.795
28.21786729916849,-73.6094409123730,-212.433,0,0.796
28.14415164175610,-73.8218739123730,-212.433,0,0.797
28.07022355134375,-74.0343069123730,-212.433,0,0.798
27.99608302793136,-74.2467399123730,-212.433,0,0.799
27.92173007151898,-74.4591729123730,-212.433,0,0.800
27.84716468210663,-74.6716059123730,-212.433,0,0.801
27.77238685969424,-74.8840389123730,-212.433,0,0.802
27.69739660428186,-75.0964719123730,-212.433,0,0.803
27.62219391586951,-75.3089049123730,-212.433,0,0.804
27.54677879445712,-75.5213379123730,-212.433,0,0.805
27.47115124004473,-75.7337709123730,-212.433,0,0.806
27.39531125263238,-75.9462039123730,-212.433,0,0.807
27.31925883222000,-76.1586369123730,-212.433,0,0.808
27.24299397880765,-76.3710699123730,-212.433,0,0.809
27.16651669239526,-76.5835029123730,-212.433,0,0.810
27.08982697298288,-76.7959359123730,-212.433,0,0.811
27.01292482057052,-77.0083689123730,-212.433,0,0.812
26.93581023515814,-77.2208019123730,-212.433,0,0.813
26.85848321674575,-77.4332349123730,-212.433,0,0.814
26.78094376533340,-77.6456679123730,-212.433,0,0.815
26.70319188092102,-77.8581009123730,-212.433,0,0.816
26.62522756350863,-78.0705339123730,-212.433,0,0.817
26.54705081309628,-78.2829669123730,-212.433,0,0.818
26.46866162968389,-78.4953999123730,-212.433,0,0.819
26.39006001327154,-78.7078329123730,-212.433,0,0.820
26.31124596385916,-78.9202659123730,-212.433,0,0.821
26.23221948144677,-79.1326989123730,-212.433,0,0.822
26.15298056603442,-79.3451319123730,-212.433,0,0.823
26.07352921762204,-79.5575649123730,-212.433,0,0.824
25.99386543620965,-79.7699979123730,-212.433,0,0.825
25.91398922179730,-79.9824309123730,-212.433,0,0.826
25.83390057438491,-80.1948639123730,-212.433,0,0.827
25.75359949397253,-80.4072969123730,-212.433,0,0.828
25.67308598056018,-80.6197299123730,-212.433,0,0.829
25.59236003414779,-80.8321629123730,-212.433,0,0.830
25.51142165473544,-81.0445959123730,-212.433,0,0.831
25.43027084232305,-81.2570289123730,-212.433,0,0.832
25.34890759691067,-81.4694619123730,-212.433,0,0.833
25.26733191849832,-81.6818949123730,-212.433,0,0.834
25.18554380708593,-81.8943279123730,-212.433,0,0.835
25.10354326267355,-82.1067609123730,-212.433,0,0.836
25.02133028526120,-82.3191939123730,-212.433,0,0.837
24.93890487484881,-82.5316269123730,-212.433,0,0.838
24.85626703143642,-82.7440599123730,-212.433,0,0.839
24.77341675502407,-82.9564929123730,-212.433,0,0.840
24.69035404561169,-83.1689259123730,-212.433,0,0.841
24.60707890319934,-83.3813589123730,-212.433,0,0.842
24.52359132778695,-83.5937919123730,-212.433,0,0.843
24.43989131937457,-83.8062249123730,-212.433,0,0.844
24.35597887796222,-84.0186579123730,-212.433,0,0.845
24.27185400354983,-84.2310909123730,-212.433,0,0.846
24.18751669613744,-84.4435239123730,-212.433,0,0.847
24.10296695572509,-84.6559569123730,-212.433,0,0.848
24.01820478231271,-84.8683899123730,-212.433,0,0.849
23.93323017590032,-85.0808229123730,-212.433,0,0.850
23.84804313648797,-85.2932559123730,-212.433,0,0.851
23.76264366407558,-85.5056889123730,-212.433,0,0.852
23.67703175866323,-85.7181219123730,-212.433,0,0.853
23.59120742025085,-85.9305549123730,-212.433,0,0.854
23.50517064883846,-86.1429879123730,-212.433,0,0.855
23.41892144442611,-86.3554209123730,-212.433,0,0.856
23.33245980701373,-86.5678539123730,-212.433,0,0.857
23.24578573660134,-86.7802869123730,-212.433,0,0.858
23.15889923318899,-86.9927199123730,-212.433,0,0.859
23.07180029677660,-87.2051529123730,-212.433,0,0.860
22.98448892736422,-87.4175859123730,-212.433,0,0.861
22.89696512495187,-87.6300189123730,-212.433,0,0.862
22.80922888953948,-87.8424519123730,-212.433,0,0.863
22.72128022112713,-88.0548849123730,-212.433,0,0.864
22.63311911971474,-88.2673179123730,-212.433,0,0.865
22.54474558530236,-88.4797509123730,-212.433,0,0.866
22.45615961789001,-88.6921839123730,-212.433,0,0.867
22.36736121747762,-88.9046169123730,-212.433,0,0.868
22.27835038406524,-89.1170499123730,-212.433,0,0.869
22.18912711765289,-89.3294829123730,-212.433,0,0.870
22.09969141824050,-89.5419159123730,-212.433,0,0.871
22.01004328582811,-89.7543489123730,-212.433,0,0.872
21.92018272041576,-89.9667819123730,-212.433,0,0.873
21.83010972200338,-90.1792149123730,-212.433,0,0.874
21.73982429059103,-90.3916479123730,-212.433,0,0.875
21.64932642617864,-90.6040809123730,-212.433,0,0.876
21.55861612876626,-90.8165139123730,-212.433,0,0.877
21.46769339835391,-91.0289469123730,-212.433,0,0.878
21.37655823494152,-91.2413799123730,-212.433,0,0.879
21.28521063852913,-91.4538129123730,-212.433,0,0.880
21.19365060911678,-91.6662459123730,-212.433,0,0.881
21.10187814670440,-91.8786789123730,-212.433,0,0.882
21.00989325129201,-92.0911119123730,-212.433,0,0.883
20.91769592287966,-92.3035449123730,-212.433,0,0.884
20.82528616146727,-92.5159779123730,-212.433,0,0.885
20.73266396705492,-92.7284109123730,-212.433,0,0.886
20.63982933964254,-92.9408439123730,-212.433,0,0.887
20.54678227923015,-93.1532769123730,-212.433,0,0.888
20.45352278581780,-93.3657099123730,-212.433,0,0.889
20.36005085940542,-93.5781429123730,-212.433,0,0.890
20.26636649999303,-93.7905759123730,-212.433,0,0.891
20.17246970758068,-94.0030089123730,-212.433,0,0.892
20.07836048216829,-94.2154419123730,-212.433,0,0.893
19.98403882375591,-94.4278749123730,-212.433,0,0.894
19.88950473234356,-94.6403079123730,-212.433,0,0.895
19.79475820793117,-94.8527409123730,-212.433,0,0.896
19.69979925051882,-95.0651739123730,-212.433,0,0.897
19.60462786010643,-95.2776069123730,-212.433,0,0.898
19.50924403669405,-95.4900399123730,-212.433,0,0.899
19.41364778028170,-95.7024729123730,-212.433,0,0.900
19.31783909086931,-95.9149059123730,-212.433,0,0.901
19.22181796845693,-96.1273389123730,-212.433,0,0.902
19.12558441304458,-96.3397719123730,-212.433,0,0.903
19.02913842463219,-96.5522049123730,-212.433,0,0.904
18.93248000321980,-96.7646379123730,-212.433,0,0.905
18.83560914880745,-96.9770709123730,-212.433,0,0.906
18.73852586139507,-97.1895039123730,-212.433,0,0.907
18.64123014098272,-97.4019369123730,-212.433,0,0.908
18.54372198757033,-97.6143699123730,-212.433,0,0.909
18.44600140115795,-97.8268029123730,-212.433,0,0.910
18.34806838174560,-98.0392359123730,-212.433,0,0.911
18.24992292933321,-98.2516689123730,-212.433,0,0.912
18.15156504392082,-98.4641019123730,-212.433,0,0.913
18.05299472550847,-98.6765349123730,-212.433,0,0.914
17.95421197409609,-98.8889679123730,-212.433,0,0.915
17.85521678968370,-99.1014009123730,-212.433,0,0.916
17.75600917227135,-99.3138339123730,-212.433,0,0.917
17.65658912185896,-99.5262669123730,-212.433,0,0.918
17.55695663844661,-99.7386999123730,-212.433,0,0.919
17.45711172203423,-99.9511329123730,-212.433,0,0.920
17.35705437262184,-100.1635659123730,-212.433,0,0.921
17.25678459020949,-100.3759989123730,-212.433,0,0.922
17.15630237479711,-100.5884319123730,-212.433,0,0.923
17.05560772638472,-100.8008649123730,-212.433,0,0.924
16.95470064497237,-101.0132979123730,-212.433,0,0.925
16.85358113055998,-101.2257309123730,-212.433,0,0.926
16.75224918314760,-101.4381639123730,-212.433,0,0.927
16.65070480273525,-101.6505969123730,-212.433,0,0.928
16.54894798932286,-101.8630299123730,-212.433,0,0.929
16.44697874291051,-102.0754629123730,-212.433,0,0.930
16.34479706349813,-102.2878959123730,-212.433,0,0.931
16.24240295108574,-102.5003289123730,-212.433,0,0.932
16.13979640567339,-102.7127619123730,-212.433,0,0.933
16.03697742726100,-102.9251949123730,-212.433,0,0.934
15.93394601584862,-103.1376279123730,-212.433,0,0.935
15.83070217143627,-103.3500609123730,-212.433,0,0.936
15.72724589402388,-103.5624939123730,-212.433,0,0.937
15.62357718361149,-103.7749269123730,-212.433,0,0.938
15.51969604019914,-103.9873599123730,-212.433,0,0.939
15.41560246378676,-104.1997929123730,-212.433,0,0.940
15.31129645437437,-104.4122259123730,-212.433,0,0.941
15.20677801196202,-104.6246589123730,-212.433,0,0.942
15.10204713654964,-104.8370919123730,-212.433,0,0.943
14.99710330960453,-105.0475055147530,-217.6759565818519,6806.137,0.944
14.89194810046766,-105.2617784028349,-210.8698195818519,6806.137,0.945
14.78658202151120,-105.4692451539167,-204.0636825818519,6806.137,0.946
14.68101187887216,-105.6699057679986,-197.2575455818519,6806.137,0.947
14.57524447868753,-105.8637602450805,-190.4514085818519,6806.137,0.948
14.46928662709433,-106.0508085851623,-183.6452715818519,6806.137,0.949
14.36314513022954,-106.2310507882442,-176.8391345818519,6806.137,0.950
14.25682679423018,-106.4044868543260,-170.0329975818519,6806.137,0.951
14.15033842523323,-106.5711167834079,-163.2268605818519,6806.137,0.952
14.04368682937569,-106.7309405754897,-156.4207235818519,6806.137,0.953
13.93687881279458,-106.8839582305716,-149.6145865818519,6806.137,0.954
13.82992118162689,-107.0301697486534,-142.8084495818519,6806.137,0.955
13.72282074200961,-107.1695751297353,-136.0023125818519,6806.137,0.956
13.61558430007975,-107.3021743738171,-129.1961755818519,6806.137,0.957
13.50821866197431,-107.4279674808990,-122.3900385818519,6806.137,0.958
13.40073063383029,-107.5469544509808,-115.5839015818519,6806.137,0.959
13.29312702178468,-107.6591352840627,-108.7777645818519,6806.137,0.960
13.18541463197449,-107.7645099801445,-101.9716275818519,6806.137,0.961
13.07760027053673,-107.8630785392264,-95.16549058185188,6806.137,0.962
12.96969074360838,-107.9548409613082,-88.35935358185188,6806.137,0.963
12.86169285732644,-108.0397972463901,-81.55321658185188,6806.137,0.964
12.75361341782793,-108.1179473944719,-74.74707958185188,6806.137,0.965
12.64545923124982,-108.1892914055538,-67.94094258185188,6806.137,0.966
12.53723710372915,-108.2538292796356,-61.13480558185188,6806.137,0.967
12.42895384140289,-108.3115610167175,-54.32866858185188,6806.137,0.968
12.32061625040805,-108.3624866167993,-47.52253158185188,6806.137,0.969
12.21223113688162,-108.4066060798812,-40.71639458185188,6806.137,0.970
12.10380530696062,-108.4439194059630,-33.91025758185188,6806.137,0.971
11.99534556678203,-108.4744265950449,-27.10412058185188,6806.137,0.972
11.88685872248286,-108.4981276471267,-20.29798358185188,6806.137,0.973
11.77835158020011,-108.5150225622086,-13.49184658185188,6806.137,0.974
11.66983094607085,-108.5251113402904,-6.685709581854603,6806.137,0.975
11.56130362623193,-108.5283939813723,0.1204274181453969,6806.137,0.976
11.45277642682044,-108.5248704854542,6.926564418145397,6806.137,0.977
11.34425615397336,-108.5145408525360,13.73270141814540,6806.137,0.978
11.23574961382770,-108.4974050826179,20.53883841814540,6806.137,0.979
11.12726361252046,-108.4734631756997,27.34497541814540,6806.137,0.980
11.01880495618863,-108.4427151317816,34.15111241814540,6806.137,0.981
10.91038045096923,-108.4051609508634,40.95724941814540,6806.137,0.982
10.80199690299924,-108.3608006329453,47.76338641814540,6806.137,0.983
10.69366111841567,-108.3096341780271,54.56952341814540,6806.137,0.984
10.58537990335552,-108.2516615861090,61.37566041814540,6806.137,0.985
10.47716006395579,-108.1868828571909,68.18179741814540,6806.137,0.986
10.36900840635347,-108.1152979912727,74.98793441814540,6806.137,0.987
10.26093173668558,-108.0369069883546,81.79407141814540,6806.137,0.988
10.15293686108910,-107.9517098484364,88.60020841814540,6806.137,0.989
10.04503058570104,-107.8597065715183,95.40634541814540,6806.137,0.990
9.937219716658395,-107.7608971576001,102.2124824181454,6806.137,0.991
9.829511060098171,-107.6552816066820,109.0186194181454,6806.137,0.992
9.721911422157364,-107.5428599187638,115.8247564181454,6806.137,0.993
9.614427608972976,-107.4236320938457,122.6308934181454,6806.137,0.994
9.507066426682007,-107.2975981319275,129.4370304181454,6806.137,0.995
9.399834681421454,-107.1647580330094,136.2431674181454,6806.137,0.996
9.292739179328321,-107.0251117970913,143.0493044181454,6806.137,0.997
9.185786726539605,-106.8786594241731,149.8554414181454,6806.137,0.998
9.078984129192308,-106.7254009142550,156.6615784181454,6806.137,0.999
8.972338193423429,-106.5653362673368,163.4677154181454,6806.137,1.000
8.865855725369967,-106.3984654834187,170.2738524181454,6806.137,1.001
8.759543531168925,-106.2247885625005,177.0799894181454,6806.137,1.002
8.653408416957299,-106.0443055045824,183.8861264181454,6806.137,1.003
8.547457188872093,-105.8570163096642,190.6922634181454,6806.137,1.004
8.441696653050305,-105.6629209777461,197.4984004181454,6806.137,1.005
8.336133615628934,-105.4620195088279,204.3045374181454,6806.137,1.006
8.230774891063819,-105.2544403564617,212.433,0,1.007
8.125626667207356,-105.0420073564617,212.433,0,1.008
8.020690876350895,-104.8295743564617,212.433,0,1.009
7.915967518494434,-104.6171413564617,212.433,0,1.010
7.811456593637971,-104.4047083564617,212.433,0,1.011
7.707158101781510,-104.1922753564617,212.433,0,1.012
7.603072042925048,-103.9798423564617,212.433,0,1.013
7.499198417068587,-103.7674093564617,212.433,0,1.014
7.395537224212125,-103.5549763564617,212.433,0,1.015
7.292088464355663,-103.3425433564617,212.433,0,1.016
7.188852137499202,-103.1301103564617,212.433,0,1.017
7.085828243642739,-102.9176773564617,212.433,0,1.018
6.983016782786278,-102.7052443564617,212.433,0,1.019
6.880417754929817,-102.4928113564617,212.433,0,1.020
6.778031160073355,-102.2803783564617,212.433,0,1.021
6.675856998216893,-102.0679453564617,212.433,0,1.022
6.573895269360431,-101.8555123564617,212.433,0,1.023
6.472145973503970,-101.6430793564617,212.433,0,1.024
6.370609110647509,-101.4306463564617,212.433,0,1.025
6.269284680791046,-101.2182133564617,212.433,0,1.026
6.168172683934585,-101.0057803564617,212.433,0,1.027
6.067273120078123,-100.7933473564617,212.433,0,1.028
5.966585989221662,-100.5809143564617,212.433,0,1.029
5.866111291365200,-100.3684813564617,212.433,0,1.030
5.765849026508738,-100.1560483564617,212.433,0,1.031
5.665799194652277,-99.94361535646168,212.433,0,1.032
5.565961795795814,-99.73118235646168,212.433,0,1.033
5.466336829939353,-99.51874935646168,212.433,0,1.034
5.366924297082892,-99.30631635646168,212.433,0,1.035
5.267724197226430,-99.09388335646168,212.433,0,1.036
5.168736530369968,-98.88145035646168,212.433,0,1.037
5.069961296513506,-98.66901735646168,212.433,0,1.038
4.971398495657045,-98.45658435646167,212.433,0,1.039
4.873048127800583,-98.24415135646167,212.433,0,1.040
4.774910192944121,-98.03171835646167,212.433,0,1.041
4.676984691087660,-97.81928535646167,212.433,0,1.042
4.579271622231198,-97.60685235646167,212.433,0,1.043
4.481770986374737,-97.39441935646167,212.433,0,1.044
4.384482783518275,-97.18198635646167,212.433,0,1.045
4.287407013661813,-96.96955335646167,212.433,0,1.046
4.190543676805351,-96.75712035646167,212.433,0,1.047
4.093892772948889,-96.54468735646167,212.433,0,1.048
3.997454302092428,-96.33225435646167,212.433,0,1.049
3.901228264235967,-96.11982135646167,212.433,0,1.050
3.805214659379505,-95.90738835646167,212.433,0,1.051
3.709413487523043,-95.69495535646167,212.433,0,1.052
3.613824748666581,-95.48252235646167,212.433,0,1.053
3.518448442810120,-95.27008935646167,212.433,0,1.054
3.423284569953658,-95.05765635646167,212.433,0,1.055
3.328333130097196,-94.84522335646167,212.433,0,1.056
3.233594123240735,-94.63279035646167,212.433,0,1.057
3.139067549384272,-94.42035735646167,212.433,0,1.058
3.044753408527811,-94.20792435646167,212.433,0,1.059
2.950651700671350,-93.99549135646167,212.433,0,1.060
2.856762425814887,-93.78305835646167,212.433,0,1.061
2.763085583958426,-93.57062535646167,212.433,0,1.062
2.669621175101964,-93.35819235646167,212.433,0,1.063
2.576369199245503,-93.14575935646167,212.433,0,1.064
2.483329656389041,-92.93332635646167,212.433,0,1.065
2.390502546532579,-92.72089335646167,212.433,0,1.066
2.297887869676118,-92.50846035646167,212.433,0,1.067
2.205485625819655,-92.29602735646167,212.433,0,1.068
2.113295814963198,-92.08359435646167,212.433,0,1.069
2.021318437106736,-91.87116135646167,212.433,0,1.070
1.929553492250275,-91.65872835646167,212.433,0,1.071
1.838000980393813,-91.44629535646167,212.433,0,1.072
1.746660901537352,-91.23386235646167,212.433,0,1.073
1.655533255680891,-91.02142935646167,212.433,0,1.074
1.564618042824420,-90.80899635646167,212.433,0,1.075
1.473915262967958,-90.59656335646167,212.433,0,1.076
1.383424916111498,-90.38413035646167,212.433,0,1.077
1.293147002255036,-90.17169735646167,212.433,0,1.078
1.203081521398575,-89.95926435646167,212.433,0,1.079
1.113228473542113,-89.74683135646167,212.433,0,1.080
1.023587858685652,-89.53439835646167,212.433,0,1.081
0.9341596768291908,-89.32196535646167,212.433,0,1.082
0.8449439279727292,-89.10953235646167,212.433,0,1.083
0.7559406121162686,-88.89709935646167,212.433,0,1.084
0.6671497292598066,-88.68466635646167,212.433,0,1.085
0.5785712794033460,-88.47223335646167,212.433,0,1.086
0.4902052625468844,-88.25980035646167,212.433,0,1.087
0.4020516786904238,-88.04736735646167,212.433,0,1.088
0.314110527833962,-87.83493435646167,212.433,0,1.089
0.226381809977500,-87.62250135646167,212.433,0,1.090
0.138865525121040,-87.41006835646167,212.433,0,1.091
0.051561673264578,-87.19763535646169,212.433,0,1.092
-0.035529745591883,-86.98520235646169,212.433,0,1.093
-0.122408731448345,-86.77276935646169,212.433,0,1.094
-0.209075284304805,-86.56033635646169,212.433,0,1.095
-0.295529404161267,-86.34790335646169,212.433,0,1.096
-0.381771091017729,-86.13547035646169,212.433,0,1.097
-0.467800344874189,-85.92303735646169,212.433,0,1.098
-0.553617165730651,-85.71060435646169,212.433,0,1.099
-0.639221553587122,-85.49817135646169,212.433,0,1.100
-0.724613508443584,-85.28573835646169,212.433,0,1.101
-0.809793030300044,-85.07330535646169,212.433,0,1.102
-0.894760119156506,-84.86087235646169,212.433,0,1.103
-0.979514775012967,-84.64843935646169,212.433,0,1.104
-1.064056997869428,-84.43600635646169,212.433,0,1.105
-1.148386787725890,-84.22357335646169,212.433,0,1.106
-1.232504144582351,-84.01114035646169,212.433,0,1.107
-1.316409068438813,-83.79870735646169,212.433,0,1.108
-1.400101559295273,-83.58627435646169,212.433,0,1.109
-1.483581617151735,-83.37384135646169,212.433,0,1.110
-1.566849242008196,-83.16140835646169,212.433,0,1.111
-1.649904433864657,-82.94897535646169,212.433,0,1.112
-1.732747192721118,-82.73654235646169,212.433,0,1.113
-1.815377518577580,-82.52410935646169,212.433,0,1.114
-1.897795411434042,-82.31167635646169,212.433,0,1.115
-1.980000871290503,-82.09924335646169,212.433,0,1.116
-2.061993898146964,-81.88681035646169,212.433,0,1.117
-2.143774492003425,-81.67437735646169,212.433,0,1.118
-2.225342652859886,-81.46194435646169,212.433,0,1.119
-2.306698380716347,-81.24951135646169,212.433,0,1.120
-2.387841675572809,-81.03707835646169,212.433,0,1.121
-2.468772537429271,-80.82464535646169,212.433,0,1.122
-2.549490966285732,-80.61221235646169,212.433,0,1.123
-2.629996962142193,-80.39977935646169,212.433,0,1.124
-2.710290524998664,-80.18734635646169,212.433,0,1.125
-2.790371654855125,-79.97491335646169,212.433,0,1.126
-2.870240351711586,-79.76248035646169,212.433,0,1.127
-2.949896615568048,-79.55004735646169,212.433,0,1.128
-3.029340446424509,-79.33761435646169,212.433,0,1.129
-3.108571844280971,-79.12518135646169,212.433,0,1.130
-3.187590809137432,-78.91274835646169,212.433,0,1.131
-3.266397340993893,-78.70031535646169,212.433,0,1.132
-3.344991439850354,-78.48788235646169,212.433,0,1.133
-3.423373105706815,-78.27544935646169,212.433,0,1.134
-3.501542338563277,-78.06301635646169,212.433,0,1.135
-3.579499138419738,-77.85058335646169,212.433,0,1.136
-3.657243505276200,-77.63815035646169,212.433,0,1.137
-3.734775439132660,-77.42571735646169,212.433,0,1.138
-3.812094939989122,-77.21328435646169,212.433,0,1.139
-3.889202007845583,-77.00085135646169,212.433,0,1.140
-3.966096642702044,-76.78841835646169,212.433,0,1.141
-4.042778844558506,-76.57598535646169,212.433,0,1.142
-4.119248613414967,-76.36355235646169,212.433,0,1.143
-4.195505949271429,-76.15111935646169,212.433,0,1.144
-4.271550852127889,-75.93868635646169,212.433,0,1.145
-4.347383321984351,-75.72625335646169,212.433,0,1.146
-4.423003358840813,-75.51382035646169,212.433,0,1.147
-4.498410962697273,-75.30138735646169,212.433,0,1.148
-4.573606133553735,-75.08895435646169,212.433,0,1.149
-4.648588871410206,-74.87652135646169,212.433,0,1.150
-4.723359176266668,-74.66408835646169,212.433,0,1.151
-4.797917048123128,-74.45165535646169,212.433,0,1.152
-4.872262486979590,-74.23922235646169,212.433,0,1.153
-4.946395492836051,-74.02678935646169,212.433,0,1.154
-5.020316065692512,-73.81435635646169,212.433,0,1.155
-5.094024205548974,-73.60192335646169,212.433,0,1.156
-5.167519912405435,-73.38949035646169,212.433,0,1.157
-5.240803186261897,-73.17705735646169,212.433,0,1.158
-5.313874027118356,-72.96462435646169,212.433,0,1.159
-5.386732434974820,-72.75219135646169,212.433,0,1.160
-5.459378409831281,-72.53975835646169,212.433,0,1.161
-5.531811951687742,-72.32732535646169,212.433,0,1.162
-5.604033060544202,-72.11489235646169,212.433,0,1.163
-5.676041736400663,-71.90245935646169,212.433,0,1.164
-5.747837979257127,-71.69002635646169,212.433,0,1.165
-5.819421789113584,-71.47759335646169,212.433,0,1.166
-5.890793165970048,-71.26516035646169,212.433,0,1.167
-5.961952109826509,-71.05272735646169,212.433,0,1.168
-6.032898620682970,-70.84029435646169,212.433,0,1.169
-6.103632698539431,-70.62786135646169,212.433,0,1.170
-6.174154343395891,-70.41542835646169,212.433,0,1.171
-6.244463555252356,-70.20299535646169,212.433,0,1.172
-6.314560334108816,-69.99056235646169,212.433,0,1.173
-6.384444679965277,-69.77812935646169,212.433,0,1.174
-6.454116592821746,-69.56569635646169,212.433,0,1.175
-6.523576072678208,-69.35326335646169,212.433,0,1.176
-6.592823119534666,-69.14083035646169,212.433,0,1.177
-6.661857733391132,-68.92839735646169,212.433,0,1.178
-6.730679914247594,-68.71596435646169,212.433,0,1.179
-6.799289662104052,-68.50353135646169,212.433,0,1.180
-6.867686976960514,-68.29109835646169,212.433,0,1.181
-6.935871858816976,-68.07866535646169,212.433,0,1.182
-7.003844307673435,-67.86623235646169,212.433,0,1.183
-7.071604323529900,-67.65379935646169,212.433,0,1.184
-7.139151906386362,-67.44136635646169,212.433,0,1.185
-7.206487056242821,-67.22893335646169,212.433,0,1.186
-7.273609773099283,-67.01650035646169,212.433,0,1.187
-7.340520056955741,-66.80406735646169,212.433,0,1.188
-7.407217907812203,-66.59163435646169,212.433,0,1.189
-7.473703325668669,-66.37920135646169,212.433,0,1.190
-7.539976310525127,-66.16676835646169,212.433,0,1.191
-7.606036862381589,-65.95433535646169,212.433,0,1.192
-7.671884981238051,-65.74190235646169,212.433,0,1.193
-7.737520667094510,-65.52946935646169,212.433,0,1.194
-7.802943919950972,-65.31703635646169,212.433,0,1.195
-7.868154739807434,-65.10460335646169,212.433,0,1.196
-7.933153126663896,-64.89217035646169,212.433,0,1.197
-7.997939080520358,-64.67973735646169,212.433,0,1.198
-8.062512601376816,-64.46730435646169,212.433,0,1.199
-8.126873689233288,-64.25487135646169,212.433,0,1.200
-8.191022344089754,-64.04243835646169,212.433,0,1.201
-8.254958565946208,-63.83000535646169,212.433,0,1.202
-8.318682354802674,-63.61757235646169,212.433,0,1.203
-8.382193710659132,-63.40513935646169,212.433,0,1.204
-8.445492633515594,-63.19270635646169,212.433,0,1.205
-8.508579123372056,-62.98027335646169,212.433,0,1.206
-8.571453180228515,-62.76784035646169,212.433,0,1.207
-8.634114804084980,-62.55540735646169,212.433,0,1.208
-8.696563994941442,-62.34297435646169,212.433,0,1.209
-8.758800752797901,-62.13054135646169,212.433,0,1.210
-8.820825077654363,-61.91810835646169,212.433,0,1.211
-8.882636969510821,-61.70567535646169,212.433,0,1.212
-8.944236428367283,-61.49324235646169,212.433,0,1.213
-9.005623454223749,-61.28080935646169,212.433,0,1.214
-9.066798047080207,-61.06837635646169,212.433,0,1.215
-9.127760206936669,-60.85594335646169,212.433,0,1.216
-9.188509933793131,-60.64351035646169,212.433,0,1.217
-9.249047227649590,-60.43107735646169,212.433,0,1.218
-9.309372088506052,-60.21864435646169,212.433,0,1.219
-9.369484516362517,-60.00621135646169,212.433,0,1.220
-9.429384511218976,-59.79377835646169,212.433,0,1.221
-9.489072073075438,-59.58134535646169,212.433,0,1.222
-9.548547201931900,-59.36891235646169,212.433,0,1.223
-9.607809897788358,-59.15647935646169,212.433,0,1.224
-9.666860160644830,-58.94404635646169,212.433,0,1.225
-9.725697990501292,-58.73161335646169,212.433,0,1.226
-9.784323387357754,-58.51918035646169,212.433,0,1.227
-9.842736351214216,-58.30674735646169,212.433,0,1.228
-9.900936882070675,-58.09431435646169,212.433,0,1.229
-9.958924979927137,-57.88188135646169,212.433,0,1.230
-10.01670064478360,-57.66944835646169,212.433,0,1.231
-10.07426387664006,-57.45701535646169,212.433,0,1.232
-10.13161467549652,-57.24458235646169,212.433,0,1.233
-10.18875304135298,-57.03214935646169,212.433,0,1.234
-10.24567897420944,-56.81971635646169,212.433,0,1.235
-10.30239247406590,-56.60728335646169,212.433,0,1.236
-10.35889354092237,-56.39485035646169,212.433,0,1.237
-10.41518217477882,-56.18241735646169,212.433,0,1.238
-10.47125837563529,-55.96998435646169,212.433,0,1.239
-10.52712214349175,-55.75755135646169,212.433,0,1.240
-10.58277347834821,-55.54511835646169,212.433,0,1.241
-10.63821238020467,-55.33268535646169,212.433,0,1.242
-10.69343884906113,-55.12025235646169,212.433,0,1.243
-10.74845288491760,-54.90781935646169,212.433,0,1.244
-10.80325448777406,-54.69538635646169,212.433,0,1.245
-10.85784365763052,-54.48295335646169,212.433,0,1.246
-10.91222039448698,-54.27052035646169,212.433,0,1.247
-10.96638469834344,-54.05808735646169,212.433,0,1.248
-11.02033656919990,-53.84565435646169,212.433,0,1.249
-11.07407600705637,-53.63322135646169,212.433,0,1.250
-11.12760301191283,-53.42078835646169,212.433,0,1.251
-11.18091758376930,-53.20835535646169,212.433,0,1.252
-11.23401972262576,-52.99592235646169,212.433,0,1.253
-11.28690942848222,-52.78348935646169,212.433,0,1.254
-11.33958670133868,-52.57105635646169,212.433,0,1.255
-11.39205154119514,-52.35862335646169,212.433,0,1.256
-11.44430394805160,-52.14619035646169,212.433,0,1.257
-11.49634392190806,-51.93375735646169,212.433,0,1.258
-11.54817146276452,-51.72132435646169,212.433,0,1.259
-11.59978657062098,-51.50889135646169,212.433,0,1.260
-11.65118924547744,-51.29645835646169,212.433,0,1.261
-11.70237948733391,-51.08402535646169,212.433,0,1.262
-11.75335729619037,-50.87159235646169,212.433,0,1.263
-11.80412267204683,-50.65915935646169,212.433,0,1.264
-11.85467561490329,-50.44672635646169,212.433,0,1.265
-11.90501612475975,-50.23429335646169,212.433,0,1.266
-11.95514420161622,-50.02186035646169,212.433,0,1.267
-12.00505984547268,-49.80942735646169,212.433,0,1.268
-12.05476305632914,-49.59699435646169,212.433,0,1.269
-12.10425383418560,-49.38456135646169,212.433,0,1.270
-12.15353217904206,-49.17212835646169,212.433,0,1.271
-12.20259809089852,-48.95969535646169,212.433,0,1.272
-12.25145156975498,-48.74726235646169,212.433,0,1.273
-12.30009261561144,-48.53482935646169,212.433,0,1.274
-12.34852122846791,-48.32239635646169,212.433,0,1.275
-12.39673740832438,-48.10996335646169,212.433,0,1.276
-12.44474115518084,-47.89753035646169,212.433,0,1.277
-12.49253246903730,-47.68509735646169,212.433,0,1.278
-12.54011134989376,-47.47266435646169,212.433,0,1.279
-12.58747779775022,-47.26023135646169,212.433,0,1.280
-12.63463181260668,-47.04779835646169,212.433,0,1.281
-12.68157339446314,-46.83536535646169,212.433,0,1.282
-12.72830254331960,-46.62293235646169,212.433,0,1.283
-12.77481925917606,-46.41049935646169,212.433,0,1.284
-12.82112354203253,-46.19806635646169,212.433,0,1.285
-12.86721539188899,-45.98563335646169,212.433,0,1.286
-12.91309480874545,-45.77320035646169,212.433,0,1.287
-12.95876179260191,-45.56076735646169,212.433,0,1.288
-13.00421634345837,-45.34833435646169,212.433,0,1.289
-13.04945846131484,-45.13590135646169,212.433,0,1.290
-13.09448814617129,-44.92346835646169,212.433,0,1.291
-13.13930539802776,-44.71103535646169,212.433,0,1.292
-13.18391021688422,-44.49860235646169,212.433,0,1.293
-13.22830260274068,-44.28616935646169,212.433,0,1.294
-13.27248255559714,-44.07373635646169,212.433,0,1.295
-13.31645007545360,-43.86130335646169,212.433,0,1.296
-13.36020516231006,-43.64887035646169,212.433,0,1.297
-13.40374781616653,-43.43643735646169,212.433,0,1.298
-13.44707803702298,-43.22400435646169,212.433,0,1.299
-13.49019582487946,-43.01157135646169,212.433,0,1.300
-13.53310117973592,-42.79913835646169,212.433,0,1.301
-13.57579410159238,-42.58670535646169,212.433,0,1.302
-13.61827459044884,-42.37427235646169,212.433,0,1.303
-13.66054264630530,-42.16183935646169,212.433,0,1.304
-13.70259826916176,-41.94940635646169,212.433,0,1.305
-13.74444145901822,-41.73697335646169,212.433,0,1.306
-13.78607221587468,-41.52454035646169,212.433,0,1.307
-13.82749053973114,-41.31210735646169,212.433,0,1.308
-13.86869643058761,-41.09967435646169,212.433,0,1.309
-13.90968988844407,-40.88724135646169,212.433,0,1.310
-13.95047091330053,-40.67480835646169,212.433,0,1.311
-13.99103950515699,-40.46237535646169,212.433,0,1.312
-14.03139566401346,-40.24994235646169,212.433,0,1.313
-14.07153938986992,-40.03750935646169,212.433,0,1.314
-14.11147068272638,-39.82507635646169,212.433,0,1.315
-14.15118954258284,-39.61264335646169,212.433,0,1.316
-14.19069596943930,-39.40021035646169,212.433,0,1.317
-14.22998996329576,-39.18777735646169,212.433,0,1.318
-14.26907152415222,-38.97534435646169,212.433,0,1.319
-14.30794065200868,-38.76291135646169,212.433,0,1.320
-14.34659734686514,-38.55047835646169,212.433,0,1.321
-14.38504160872160,-38.33804535646169,212.433,0,1.322
-14.42327343757806,-38.12561235646169,212.433,0,1.323
-14.46129283343452,-37.91317935646169,212.433,0,1.324
-14.49909979629100,-37.70074635646169,212.433,0,1.325
-14.53669432614745,-37.48831335646169,212.433,0,1.326
-14.57407642300393,-37.27588035646169,212.433,0,1.327
-14.61124608686038,-37.06344735646169,212.433,0,1.328
-14.64820331771685,-36.85101435646169,212.433,0,1.329
-14.68494811557331,-36.63858135646169,212.433,0,1.330
-14.72148048042977,-36.42614835646169,212.433,0,1.331
-14.75780041228623,-36.21371535646169,212.433,0,1.332
-14.79390791114269,-36.00128235646169,212.433,0,1.333
-14.82980297699915,-35.78884935646169,212.433,0,1.334
-14.86548560985561,-35.57641635646169,212.433,0,1.335
-14.90095580971207,-35.36398335646169,212.433,0,1.336
-14.93621357656853,-35.15155035646169,212.433,0,1.337
-14.97125891042499,-34.93911735646169,212.433,0,1.338
-15.00609181128145,-34.72668435646169,212.433,0,1.339
-15.04071227913791,-34.51425135646169,212.433,0,1.340
-15.07512031399438,-34.30181835646169,212.433,0,1.341
-15.10931591585083,-34.08938535646169,212.433,0,1.342
-15.14329908470730,-33.87695235646169,212.433,0,1.343
-15.17706982056376,-33.66451935646169,212.433,0,1.344
-15.21062812342023,-33.45208635646169,212.433,0,1.345
-15.24397399327669,-33.23965335646169,212.433,0,1.346
-15.27710743013315,-33.02722035646169,212.433,0,1.347
-15.31002843398961,-32.81478735646169,212.433,0,1.348
-15.34273700484607,-32.60235435646169,212.433,0,1.349
-15.37523314270254,-32.38992135646169,212.433,0,1.350
-15.40751684755900,-32.17748835646169,212.433,0,1.351
-15.43958811941546,-31.96505535646169,212.433,0,1.352
-15.47144695827192,-31.75262235646169,212.433,0,1.353
-15.50309336412839,-31.54018935646169,212.433,0,1.354
-15.53452733698484,-31.32775635646169,212.433,0,1.355
-15.56574887684131,-31.11532335646169,212.433,0,1.356
-15.59675798369777,-30.90289035646169,212.433,0,1.357
-15.62755465755423,-30.69045735646169,212.433,0,1.358
-15.65813889841069,-30.47802435646169,212.433,0,1.359
-15.68851070626715,-30.26559135646169,212.433,0,1.360
-15.71867008112361,-30.05315835646169,212.433,0,1.361
-15.74861702298007,-29.84072535646169,212.433,0,1.362
-15.77835153183654,-29.62829235646169,212.433,0,1.363
-15.80787360769300,-29.41585935646169,212.433,0,1.364
-15.83718325054946,-29.20342635646169,212.433,0,1.365
-15.86628046040592,-28.99099335646169,212.433,0,1.366
-15.89516523726238,-28.77856035646169,212.433,0,1.367
-15.92383758111885,-28.56612735646169,212.433,0,1.368
-15.95229749197530,-28.35369435646169,212.433,0,1.369
-15.98054496983177,-28.14126135646169,212.433,0,1.370
-16.00858001468823,-27.92882835646169,212.433,0,1.371
-16.03640262654469,-27.71639535646169,212.433,0,1.372
-16.06401280540115,-27.50396235646169,212.433,0,1.373
-16.09141055125761,-27.29152935646169,212.433,0,1.374
-16.11859586411408,-27.07909635646169,212.433,0,1.375
-16.14556874397054,-26.86666335646169,212.433,0,1.376
-16.17232919082700,-26.65423035646169,212.433,0,1.377
-16.19887720468346,-26.44179735646169,212.433,0,1.378
-16.22521278553992,-26.22936435646169,212.433,0,1.379
-16.25133593339638,-26.01693135646169,212.433,0,1.380
-16.27724664825285,-25.80449835646169,212.433,0,1.381
-16.30294493010932,-25.59206535646169,212.433,0,1.382
-16.32843077896578,-25.37963235646169,212.433,0,1.383
-16.35370419482224,-25.16719935646169,212.433,0,1.384
-16.37876517767870,-24.95476635646169,212.433,0,1.385
-16.40361372753516,-24.74233335646169,212.433,0,1.386
-16.42824984439162,-24.52990035646169,212.433,0,1.387
-16.45267352824808,-24.31746735646169,212.433,0,1.388
-16.47688477910454,-24.10503435646169,212.433,0,1.389
-16.50088359696100,-23.89260135646169,212.433,0,1.390
-16.52466998181746,-23.68016835646169,212.433,0,1.391
-16.54824393367392,-23.46773535646169,212.433,0,1.392
-16.57160545253038,-23.25530235646169,212.433,0,1.393
-16.59475453838684,-23.04286935646169,212.433,0,1.394
-16.61769119124331,-22.83043635646169,212.433,0,1.395
-16.64041541109976,-22.61800335646169,212.433,0,1.396
-16.66292719795623,-22.40557035646169,212.433,0,1.397
-16.68522655181269,-22.19313735646169,212.433,0,1.398
-16.70731347266916,-21.98070435646169,212.433,0,1.399
-16.72918796052563,-21.76827135646169,212.433,0,1.400
-16.75085001538209,-21.55583835646169,212.433,0,1.401
-16.77229963723855,-21.34340535646169,212.433,0,1.402
-16.79353682609501,-21.13097235646169,212.433,0,1.403
-16.81456158195147,-20.91853935646169,212.433,0,1.404
-16.83537390480793,-20.70610635646169,212.433,0,1.405
-16.85597379466439,-20.49367335646169,212.433,0,1.406
-16.87636125152085,-20.28124035646169,212.433,0,1.407
-16.89653627537731,-20.06880735646169,212.433,0,1.408
-16.91649886623377,-19.85637435646169,212.433,0,1.409
-16.93624902409023,-19.64394135646169,212.433,0,1.410
-16.95578674894670,-19.43150835646169,212.433,0,1.411
-16.97511204080315,-19.21907535646169,212.433,0,1.412
-16.99422489965962,-19.00664235646169,212.433,0,1.413
-17.01312532551608,-18.79420935646169,212.433,0,1.414
-17.03181331837254,-18.58177635646169,212.433,0,1.415
-17.05028887822901,-18.36934335646169,212.433,0,1.416
-17.06855200508547,-18.15691035646169,212.433,0,1.417
-17.08660269894193,-17.94447735646169,212.433,0,1.418
-17.10444095979839,-17.73204435646169,212.433,0,1.419
-17.12206678765485,-17.51961135646169,212.433,0,1.420
-17.13948018251131,-17.30717835646169,212.433,0,1.421
-17.15668114436777,-17.09474535646169,212.433,0,1.422
-17.17366967322423,-16.88231235646169,212.433,0,1.423
-17.19044576908070,-16.66987935646169,212.433,0,1.424
-17.20700943193716,-16.45744635646169,212.433,0,1.425
-17.22336066179363,-16.24501335646169,212.433,0,1.426
-17.23949945865009,-16.03258035646169,212.433,0,1.427
-17.25542582250655,-15.82014735646169,212.433,0,1.428
-17.27113975336301,-15.60771435646169,212.433,0,1.429
-17.28664125121947,-15.39528135646169,212.433,0,1.430
-17.30193031607593,-15.18284835646169,212.433,0,1.431
-17.31700694793239,-14.97041535646169,212.433,0,1.432
-17.33187114678885,-14.75798235646169,212.433,0,1.433
-17.34652291264532,-14.54554935646169,212.433,0,1.434
-17.36096224550178,-14.33311635646169,212.433,0,1.435
-17.37518914535824,-14.12068335646169,212.433,0,1.436
-17.38920361221470,-13.90825035646169,212.433,0,1.437
-17.40300564607117,-13.69581735646169,212.433,0,1.438
-17.41659524692762,-13.48338435646169,212.433,0,1.439
-17.42997241478409,-13.27095135646169,212.433,0,1.440
-17.44313714964055,-13.05851835646169,212.433,0,1.441
-17.45608945149701,-12.84608535646169,212.433,0,1.442
-17.46882932035347,-12.63365235646169,212.433,0,1.443
-17.48135675620993,-12.42121935646169,212.433,0,1.444
-17.49367175906639,-12.20878635646169,212.433,0,1.445
-17.50577432892285,-11.99635335646169,212.433,0,1.446
-17.51766446577931,-11.78392035646169,212.433,0,1.447
-17.52934216963577,-11.57148735646169,212.433,0,1.448
-17.54080744049223,-11.35905435646169,212.433,0,1.449
-17.55206027834870,-11.14662135646169,212.433,0,1.450
-17.56310068320516,-10.93418835646169,212.433,0,1.451
-17.57392865506164,-10.72175535646169,212.433,0,1.452
-17.58454419391810,-10.50932235646169,212.433,0,1.453
-17.59494729977456,-10.29688935646169,212.433,0,1.454
-17.60513797263102,-10.08445635646169,212.433,0,1.455
-17.61511621248748,-9.87202335646169,212.433,0,1.456
-17.62488201934394,-9.65959035646169,212.433,0,1.457
-17.63443539320040,-9.44715735646169,212.433,0,1.458
-17.64377633405686,-9.23472435646169,212.433,0,1.459
-17.65290484191332,-9.02229135646169,212.433,0,1.460
-17.66182091676978,-8.80985835646169,212.433,0,1.461
-17.67052455862624,-8.59742535646169,212.433,0,1.462
-17.67901576748270,-8.3849923564617,212.433,0,1.463
-17.68729454333916,-8.1725593564617,212.433,0,1.464
-17.69536088619563,-7.9601263564617,212.433,0,1.465
-17.70321479605208,-7.7476933564617,212.433,0,1.466
-17.71085627290855,-7.5352603564617,212.433,0,1.467
-17.71828531676501,-7.3228273564617,212.433,0,1.468
-17.72550192762147,-7.1103943564617,212.433,0,1.469
-17.73250610547794,-6.8979613564617,212.433,0,1.470
-17.73929785033440,-6.6855283564617,212.433,0,1.471
-17.74587716219086,-6.4730953564617,212.433,0,1.472
-17.75224404104732,-6.2606623564617,212.433,0,1.473
-17.75839848690378,-6.0482293564617,212.433,0,1.474
-17.76434049976025,-5.8357963564617,212.433,0,1.475
-17.77007007961671,-5.6233633564617,212.433,0,1.476
-17.77558722647317,-5.4109303564617,212.433,0,1.477
-17.78089194032963,-5.1984973564617,212.433,0,1.478
-17.78598422118610,-4.9860643564617,212.433,0,1.479
-17.79086406904255,-4.7736313564617,212.433,0,1.480
-17.79553148389902,-4.5611983564617,212.433,0,1.481
-17.79998646575547,-4.3487653564617,212.433,0,1.482
-17.80422901461194,-4.1363323564617,212.433,0,1.483
-17.80825913046840,-3.9238993564617,212.433,0,1.484
-17.81207681332486,-3.7114663564617,212.433,0,1.485
-17.81568206318132,-3.4990333564617,212.433,0,1.486
-17.81907488003778,-3.2866003564617,212.433,0,1.487
-17.82225526389425,-3.0741673564617,212.433,0,1.488
-17.82522321475071,-2.8617343564617,212.433,0,1.489
-17.82797873260717,-2.6493013564617,212.433,0,1.490
-17.83052181746363,-2.4368683564617,212.433,0,1.491
-17.83285246932009,-2.2244353564617,212.433,0,1.492
-17.83497068817655,-2.0120023564617,212.433,0,1.493
-17.83687647403302,-1.7995693564617,212.433,0,1.494
-17.83856982688947,-1.5871363564617,212.433,0,1.495
-17.84005074674594,-1.3747033564617,212.433,0,1.496
-17.84131923360240,-1.1622703564617,212.433,0,1.497
-17.84237528745886,-0.9498373564617,212.433,0,1.498
-17.84321890831532,-0.7374043564617,212.433,0,1.499
-17.84385009617179,-0.5249713564617,212.433,0,1.500
-17.84426885102825,-0.3125383564617,212.433,0,1.501
-17.84447517288471,-0.1001053564617,212.433,0,1.502
-17.84446906174117,0.1123276435383,212.433,0,1.503
-17.84425051759763,0.3247606435383,212.433,0,1.504
-17.84381954045409,0.5371936435383,212.433,0,1.505
-17.84317613031056,0.7496266435383,212.433,0,1.506
-17.84232028716702,0.9620596435383,212.433,0,1.507
-17.84125201102349,1.1744926435383,212.433,0,1.508
-17.83997130187994,1.3869256435383,212.433,0,1.509
-17.83847815973641,1.5993586435383,212.433,0,1.510
-17.83677258459287,1.8117916435383,212.433,0,1.511
-17.83485457644933,2.0242246435383,212.433,0,1.512
-17.83272413530579,2.2366576435383,212.433,0,1.513
-17.83038126116225,2.4490906435383,212.433,0,1.514
-17.82782595401871,2.6615236435383,212.433,0,1.515
-17.82505821387517,2.8739566435383,212.433,0,1.516
-17.82207804073163,3.0863896435383,212.433,0,1.517
-17.81888543458809,3.2988226435383,212.433,0,1.518
-17.81548039544455,3.5112556435383,212.433,0,1.519
-17.81186292330101,3.7236886435383,212.433,0,1.520
-17.80803301815747,3.9361216435383,212.433,0,1.521
-17.80399068001393,4.1485546435383,212.433,0,1.522
-17.79973590887041,4.3609876435383,212.433,0,1.523
-17.79526870472687,4.5734206435383,212.433,0,1.524
-17.79058906758334,4.7858536435383,212.433,0,1.525
-17.78569699743980,4.9982866435383,212.433,0,1.526
-17.78059249429626,5.2107196435383,212.433,0,1.527
-17.77527555815272,5.4231526435383,212.433,0,1.528
-17.76974618900918,5.6355856435383,212.433,0,1.529
-17.76400438686564,5.8480186435383,212.433,0,1.530
-17.75805015172210,6.0604516435383,212.433,0,1.531
-17.75188348357856,6.2728846435383,212.433,0,1.532
-17.74550438243502,6.4853176435383,212.433,0,1.533
-17.73891284829148,6.6977506435383,212.433,0,1.534
-17.73210888114794,6.9101836435383,212.433,0,1.535
-17.72509248100440,7.1226166435383,212.433,0,1.536
-17.71786364786087,7.3350496435383,212.433,0,1.537
-17.71042238171733,7.5474826435383,212.433,0,1.538
-17.70276868257379,7.7599156435383,212.433,0,1.539
-17.69490255043025,7.9723486435383,212.433,0,1.540
-17.68682398528672,8.1847816435383,212.433,0,1.541
-17.67853298714318,8.3972146435383,212.433,0,1.542
-17.67002955599964,8.6096476435383,212.433,0,1.543
-17.66131369185610,8.8220806435383,212.433,0,1.544
-17.65238539471256,9.0345136435383,212.433,0,1.545
-17.64324466456902,9.2469466435383,212.433,0,1.546
-17.63389150142548,9.4593796435383,212.433,0,1.547
-17.62432590528194,9.6718126435383,212.433,0,1.548
-17.61454787613841,9.8842456435383,212.433,0,1.549
-17.60455741399487,10.0966786435383,212.433,0,1.550
-17.59435451885134,10.3091116435383,212.433,0,1.551
-17.58393919070779,10.5215446435383,212.433,0,1.552
-17.57331142956426,10.7339776435383,212.433,0,1.553
-17.56247123542071,10.9464106435383,212.433,0,1.554
-17.55141860827716,11.1588436435383,212.433,0,1.555
-17.54015354813362,11.3712766435383,212.433,0,1.556
-17.52867605499011,11.5837096435383,212.433,0,1.557
-17.51698612884657,11.7961426435383,212.433,0,1.558
-17.50508376970303,12.0085756435383,212.433,0,1.559
-17.49296897755948,12.2210086435383,212.433,0,1.560
-17.48064175241594,12.4334416435383,212.433,0,1.561
-17.46810209427240,12.6458746435383,212.433,0,1.562
-17.45535000312889,12.8583076435383,212.433,0,1.563
-17.44238547898535,13.0707406435383,212.433,0,1.564
-17.42920852184181,13.2831736435383,212.433,0,1.565
-17.41581913169826,13.4956066435383,212.433,0,1.566
-17.40221730855472,13.7080396435383,212.433,0,1.567
-17.38840305241118,13.9204726435383,212.433,0,1.568
-17.37437636326763,14.1329056435383,212.433,0,1.569
-17.36013724112411,14.3453386435383,212.433,0,1.570
-17.34568568598055,14.5577716435383,212.433,0,1.571
-17.33102169783700,14.7702046435383,212.433,0,1.572
-17.31614527669348,14.9826376435383,212.433,0,1.573
-17.30105642254996,15.1950706435383,212.433,0,1.574
-17.28575513540641,15.4075036435383,212.433,0,1.575
-17.27024141526289,15.6199366435383,212.433,0,1.576
-17.25451526211933,15.8323696435383,212.433,0,1.577
-17.23857667597578,16.0448026435383,212.433,0,1.578
-17.22242565683226,16.2572356435383,212.433,0,1.579
-17.20606220468874,16.4696686435383,212.433,0,1.580
-17.18948631954522,16.6821016435383,212.433,0,1.581
-17.17269800140166,16.8945346435383,212.433,0,1.582
-17.15569725025811,17.1069676435383,212.433,0,1.583
-17.13848406611458,17.3194006435383,212.433,0,1.584
-17.12105844897103,17.5318336435383,212.433,0,1.585
-17.10342039882747,17.7442666435383,212.433,0,1.586
-17.08556991568395,17.9566996435383,212.433,0,1.587
-17.06750699954040,18.1691326435383,212.433,0,1.588
-17.04923165039684,18.3815656435383,212.433,0,1.589
-17.03074386825332,18.5939986435383,212.433,0,1.590
-17.01204365310980,18.8064316435383,212.433,0,1.591
-16.99313100496628,19.0188646435383,212.433,0,1.592
-16.97400592382273,19.2312976435383,212.433,0,1.593
-16.95466840967917,19.4437306435383,212.433,0,1.594
-16.93511846253565,19.6561636435383,212.433,0,1.595
-16.91535608239209,19.8685966435383,212.433,0,1.596
-16.89538126924857,20.0810296435383,212.433,0,1.597
-16.87519402310505,20.2934626435383,212.433,0,1.598
-16.85479434396150,20.5058956435383,212.433,0,1.599
-16.83418223181795,20.7183286435383,212.433,0,1.600
-16.81335768667443,20.9307616435383,212.433,0,1.601
-16.79232070853088,21.1431946435383,212.433,0,1.602
-16.77107129738736,21.3556276435383,212.433,0,1.603
-16.74960945324380,21.5680606435383,212.433,0,1.604
-16.72793517610024,21.7804936435383,212.433,0,1.605
-16.70604846595672,21.9929266435383,212.433,0,1.606
-16.68394932281317,22.2053596435383,212.433,0,1.607
-16.66163774666965,22.4177926435383,212.433,0,1.608
-16.63911373752613,22.6302256435383,212.433,0,1.609
-16.61637729538257,22.8426586435383,212.433,0,1.610
-16.59342842023902,23.0550916435383,212.433,0,1.611
-16.57026711209550,23.2675246435383,212.433,0,1.612
-16.54689337095194,23.4799576435383,212.433,0,1.613
-16.52330719680845,23.6923906435383,212.433,0,1.614
-16.49950858966490,23.9048236435383,212.433,0,1.615
-16.47549754952134,24.1172566435383,212.433,0,1.616
-16.45127407637782,24.3296896435383,212.433,0,1.617
-16.42683817023427,24.5421226435383,212.433,0,1.618
-16.40218983109071,24.7545556435383,212.433,0,1.619
-16.37732905894719,24.9669886435383,212.433,0,1.620
-16.35225585380364,25.1794216435383,212.433,0,1.621
-16.32697021566008,25.3918546435383,212.433,0,1.622
-16.30147214451656,25.6042876435383,212.433,0,1.623
-16.27576164037300,25.8167206435383,212.433,0,1.624
-16.24983870322953,26.0291536435383,212.433,0,1.625
-16.22370333308597,26.2415866435383,212.433,0,1.626
-16.19735552994242,26.4540196435383,212.433,0,1.627
-16.17079529379890,26.6664526435383,212.433,0,1.628
-16.14402262465534,26.8788856435383,212.433,0,1.629
-16.11703752251179,27.0913186435383,212.433,0,1.630
-16.08983998736830,27.3037516435383,212.433,0,1.631
-16.06243001922475,27.5161846435383,212.433,0,1.632
-16.03480761808119,27.7286176435383,212.433,0,1.633
-16.00697278393767,27.9410506435383,212.433,0,1.634
-15.97892551679411,28.1534836435383,212.433,0,1.635
-15.95066581665059,28.3659166435383,212.433,0,1.636
-15.92219368350704,28.5783496435383,212.433,0,1.637
-15.89350911736348,28.7907826435383,212.433,0,1.638
-15.86461211821996,29.0032156435383,212.433,0,1.639
-15.83550268607641,29.2156486435383,212.433,0,1.640
-15.80618082093285,29.4280816435383,212.433,0,1.641
-15.77664652278937,29.6405146435383,212.433,0,1.642
-15.74689979164581,29.8529476435383,212.433,0,1.643
-15.71694062750225,30.0653806435383,212.433,0,1.644
-15.68676903035873,30.2778136435383,212.433,0,1.645
-15.65638500021518,30.4902466435383,212.433,0,1.646
-15.62578853707166,30.7026796435383,212.433,0,1.647
-15.59497964092814,30.9151126435383,212.433,0,1.648
-15.56395831178458,31.1275456435383,212.433,0,1.649
-15.53272454964107,31.3399786435383,212.433,0,1.650
-15.50127835449752,31.5524116435383,212.433,0,1.651
-15.46961972635396,31.7648446435383,212.433,0,1.652
-15.43774866521044,31.9772776435383,212.433,0,1.653
-15.40566517106688,32.1897106435383,212.433,0,1.654
-15.37336924392333,32.4021436435383,212.433,0,1.655
-15.34086088377981,32.6145766435383,212.433,0,1.656
-15.30814009063625,32.8270096435383,212.433,0,1.657
-15.27520686449273,33.0394426435383,212.433,0,1.658
-15.24206120534921,33.2518756435383,212.433,0,1.659
-15.20870311320566,33.4643086435383,212.433,0,1.660
-15.17513258806214,33.6767416435383,212.433,0,1.661
-15.14134962991858,33.8891746435383,212.433,0,1.662
-15.10735423877502,34.1016076435383,212.433,0,1.663
-15.07314641463150,34.3140406435383,212.433,0,1.664
-15.03872615748795,34.5264736435383,212.433,0,1.665
-15.00409346734443,34.7389066435383,212.433,0,1.666
-14.96924834420091,34.9513396435383,212.433,0,1.667
-14.93419078805735,35.1637726435383,212.433,0,1.668
-14.89892079891380,35.3762056435383,212.433,0,1.669
-14.86343837677028,35.5886386435383,212.433,0,1.670
-14.82774352162672,35.8010716435383,212.433,0,1.671
-14.79183623348320,36.0135046435383,212.433,0,1.672
-14.75571651233964,36.2259376435383,212.433,0,1.673
-14.71938435819609,36.4383706435383,212.433,0,1.674
-14.68283977105258,36.6508036435383,212.433,0,1.675
-14.64608275090906,36.8632366435383,212.433,0,1.676
-14.60911329776550,37.0756696435383,212.433,0,1.677
-14.57193141162198,37.2881026435383,212.433,0,1.678
-14.53453709247843,37.5005356435383,212.433,0,1.679
-14.49693034033487,37.7129686435383,212.433,0,1.680
-14.45911115519135,37.9254016435383,212.433,0,1.681
-14.42107953704779,38.1378346435383,212.433,0,1.682
-14.38283548590427,38.3502676435383,212.433,0,1.683
-14.34437900176075,38.5627006435383,212.433,0,1.684
-14.30571008461720,38.7751336435383,212.433,0,1.685
-14.26682873447368,38.9875666435383,212.433,0,1.686
-14.22773495133012,39.1999996435383,212.433,0,1.687
-14.18842873518657,39.4124326435383,212.433,0,1.688
-14.14890945289237,39.62255867090250,218.0368507858231,-6806.137,1.689
-14.10917901015224,39.83719245318833,211.2307137858231,-6806.137,1.690
-14.06923733669833,40.04502009847415,204.4245767858231,-6806.137,1.691
-14.02909123866763,40.24604160675997,197.6184397858231,-6806.137,1.692
-13.98874752219714,40.44025697804580,190.8123027858231,-6806.137,1.693
-13.94821299342387,40.62766621233162,184.0061657858231,-6806.137,1.694
-13.90749445848481,40.80826930961744,177.2000287858231,-6806.137,1.695
-13.86659872351697,40.98206626990327,170.3938917858231,-6806.137,1.696
-13.82553259465734,41.14905709318909,163.5877547858231,-6806.137,1.697
-13.78430287804292,41.30924177947491,156.7816177858231,-6806.137,1.698
-13.74291637981072,41.46262032876074,149.9754807858231,-6806.137,1.699
-13.70137990609773,41.60919274104656,143.1693437858231,-6806.137,1.700
-13.65970026304096,41.74895901633238,136.3632067858231,-6806.137,1.701
-13.61788425677740,41.88191915461820,129.5570697858231,-6806.137,1.702
-13.57593869344406,42.00807315590403,122.7509327858231,-6806.137,1.703
-13.53387037917793,42.12742102018985,115.9447957858231,-6806.137,1.704
-13.49168612011601,42.23996274747567,109.1386587858231,-6806.137,1.705
-13.44939272239531,42.34569833776150,102.3325217858231,-6806.137,1.706
-13.40699699215282,42.44462779104732,95.52638478582311,-6806.137,1.707
-13.36450573552555,42.53675110733314,88.72024778582311,-6806.137,1.708
-13.32192575865049,42.62206828661897,81.91411078582311,-6806.137,1.709
-13.27926386766464,42.70057932890479,75.10797378582311,-6806.137,1.710
-13.23652686870501,42.77228423419061,68.30183678582311,-6806.137,1.711
-13.19372156790860,42.83718300247644,61.49569978582311,-6806.137,1.712
-13.15085477141239,42.89527563376226,54.68956278582311,-6806.137,1.713
-13.10793328535340,42.94656212804808,47.88342578582311,-6806.137,1.714
-13.06496391586863,42.99104248533390,41.07728878582311,-6806.137,1.715
-13.02195346909507,43.02871670561973,34.27115178582311,-6806.137,1.716
-12.97890875116972,43.05958478890555,27.46501478582311,-6806.137,1.717
-12.93583656822959,43.08364673519137,20.65887778582311,-6806.137,1.718
-12.89274372641167,43.10090254447720,13.85274078582311,-6806.137,1.719
-12.84963703185297,43.11135221676302,7.046603785823111,-6806.137,1.720
-12.80652329069048,43.11499575204884,0.2404667858231112,-6806.137,1.721
